-- ===============================
-- 北海道サンプル大学（2ユーザー、5科目×20件）
-- ===============================

-- users（2件）
INSERT INTO users (id, line_user_hash, created_at) VALUES ('00000000-0000-0000-0000-000000000001', 'dummy-user-hash-1', NOW());
INSERT INTO users (id, line_user_hash, created_at) VALUES ('00000000-0000-0000-0000-000000000002', 'dummy-user-hash-2', NOW());

-- universities（1件）
INSERT INTO universities (id, name, created_at) VALUES ('11111111-aaaa-aaaa-aaaa-111111111111', '北海道サンプル大学', NOW());

-- subjects（5件）
INSERT INTO subjects (id, university_id, name, created_at) VALUES ('11111111-bbbb-aaaa-aaaa-000000000001', '11111111-aaaa-aaaa-aaaa-111111111111', '経済学入門', NOW());
INSERT INTO subjects (id, university_id, name, created_at) VALUES ('11111111-bbbb-aaaa-aaaa-000000000002', '11111111-aaaa-aaaa-aaaa-111111111111', '統計学基礎', NOW());
INSERT INTO subjects (id, university_id, name, created_at) VALUES ('11111111-bbbb-aaaa-aaaa-000000000003', '11111111-aaaa-aaaa-aaaa-111111111111', '心理学概論', NOW());
INSERT INTO subjects (id, university_id, name, created_at) VALUES ('11111111-bbbb-aaaa-aaaa-000000000004', '11111111-aaaa-aaaa-aaaa-111111111111', '法学入門', NOW());
INSERT INTO subjects (id, university_id, name, created_at) VALUES ('11111111-bbbb-aaaa-aaaa-000000000005', '11111111-aaaa-aaaa-aaaa-111111111111', 'プログラミング基礎', NOW());

-- course_reviews（100件）
INSERT INTO course_reviews (id, user_id, subject_id, faculty, department, grade_at_take, teacher_names, academic_year, term, credits_at_take, requirement_type_at_take, performance_self, assignment_difficulty_4, credit_ease, class_difficulty, assignment_load, attendance_strictness, satisfaction, recommendation, created_at, body_main) VALUES ('431bd58b-1805-48a9-9af9-f1e24667988c', '00000000-0000-0000-0000-000000000001', '11111111-bbbb-aaaa-aaaa-000000000001', '経済学部', '経済学科', 2, NULL, 2021, 's1', 2, 'elective', 4, 2, 5, 2, 2, 2, 5, 5, NOW(), '講義の流れが分かりやすく、演習も役立った。成績評価が明快で安心感がある。');
INSERT INTO course_reviews (id, user_id, subject_id, faculty, department, grade_at_take, teacher_names, academic_year, term, credits_at_take, requirement_type_at_take, performance_self, assignment_difficulty_4, credit_ease, class_difficulty, assignment_load, attendance_strictness, satisfaction, recommendation, created_at, body_main) VALUES ('4e8598b1-cc82-42a2-897c-9b99227e8df0', '00000000-0000-0000-0000-000000000001', '11111111-bbbb-aaaa-aaaa-000000000001', '経済学部', '経済学科', 3, ARRAY['佐藤 花子'], 2021, 's2', 2, 'elective', 1, 4, 1, 5, 5, 4, 1, 1, NOW(), '進行が早くフォローが少ない。レポートが多く、負担の割に学びが薄い。');
INSERT INTO course_reviews (id, user_id, subject_id, faculty, department, grade_at_take, teacher_names, academic_year, term, credits_at_take, requirement_type_at_take, performance_self, assignment_difficulty_4, credit_ease, class_difficulty, assignment_load, attendance_strictness, satisfaction, recommendation, created_at, body_main) VALUES ('d2bddc5b-1c9d-4975-92e6-648b068ff74d', '00000000-0000-0000-0000-000000000001', '11111111-bbbb-aaaa-aaaa-000000000001', '経済学部', '経済学科', 4, NULL, 2022, 's1', 2, 'elective', 3, 3, 3, 3, 3, 3, 3, 3, NOW(), '悪くはないが特別良い点もない。単位目的なら問題ない印象。');
INSERT INTO course_reviews (id, user_id, subject_id, faculty, department, grade_at_take, teacher_names, academic_year, term, credits_at_take, requirement_type_at_take, performance_self, assignment_difficulty_4, credit_ease, class_difficulty, assignment_load, attendance_strictness, satisfaction, recommendation, created_at, body_main) VALUES ('ab2582df-21b5-4b29-8f9b-f37e42d93ba8', '00000000-0000-0000-0000-000000000001', '11111111-bbbb-aaaa-aaaa-000000000001', '経済学部', '経済学科', 5, NULL, 2022, 's2', 2, 'elective', 4, 2, 5, 2, 2, 2, 5, 5, NOW(), '資料が整理されていて復習しやすい。内容も実践的で学びが多かった。');
INSERT INTO course_reviews (id, user_id, subject_id, faculty, department, grade_at_take, teacher_names, academic_year, term, credits_at_take, requirement_type_at_take, performance_self, assignment_difficulty_4, credit_ease, class_difficulty, assignment_load, attendance_strictness, satisfaction, recommendation, created_at, body_main) VALUES ('2e3ae8b9-c0be-4fd2-b85c-919cb3f9dc2c', '00000000-0000-0000-0000-000000000001', '11111111-bbbb-aaaa-aaaa-000000000001', '経済学部', '経済学科', 6, ARRAY['高橋 健'], 2023, 's1', 2, 'elective', 1, 4, 1, 5, 5, 4, 1, 1, NOW(), '内容は面白いはずなのに運営が雑で、受講後に疲れだけが残った。');
INSERT INTO course_reviews (id, user_id, subject_id, faculty, department, grade_at_take, teacher_names, academic_year, term, credits_at_take, requirement_type_at_take, performance_self, assignment_difficulty_4, credit_ease, class_difficulty, assignment_load, attendance_strictness, satisfaction, recommendation, created_at, body_main) VALUES ('4423ec2c-7772-46ee-9cfc-620ae9d6ff63', '00000000-0000-0000-0000-000000000001', '11111111-bbbb-aaaa-aaaa-000000000001', '経済学部', '経済学科', 1, NULL, 2023, 's2', 2, 'elective', 3, 3, 3, 3, 3, 3, 3, 3, NOW(), '内容は標準的で可もなく不可もなし。資料は整っていて履修はしやすい。');
INSERT INTO course_reviews (id, user_id, subject_id, faculty, department, grade_at_take, teacher_names, academic_year, term, credits_at_take, requirement_type_at_take, performance_self, assignment_difficulty_4, credit_ease, class_difficulty, assignment_load, attendance_strictness, satisfaction, recommendation, created_at, body_main) VALUES ('a5a76f16-0e9d-495b-8bbd-653f32f59361', '00000000-0000-0000-0000-000000000001', '11111111-bbbb-aaaa-aaaa-000000000001', '経済学部', '経済学科', 2, NULL, 2024, 's1', 2, 'elective', 3, 3, 3, 3, 3, 3, 3, 3, NOW(), '授業は淡々と進むが、基礎は押さえられる。忙しい学期でも無理なく受講可能。');
INSERT INTO course_reviews (id, user_id, subject_id, faculty, department, grade_at_take, teacher_names, academic_year, term, credits_at_take, requirement_type_at_take, performance_self, assignment_difficulty_4, credit_ease, class_difficulty, assignment_load, attendance_strictness, satisfaction, recommendation, created_at, body_main) VALUES ('81bd82f6-6bdb-46b1-a816-e4094dd25195', '00000000-0000-0000-0000-000000000001', '11111111-bbbb-aaaa-aaaa-000000000001', '経済学部', '経済学科', 3, ARRAY['佐藤 花子'], 2024, 's2', 2, 'elective', 4, 2, 5, 2, 2, 2, 5, 5, NOW(), '先生の進行が上手く、要点が整理されている。試験も素直で取り組みやすい。');
INSERT INTO course_reviews (id, user_id, subject_id, faculty, department, grade_at_take, teacher_names, academic_year, term, credits_at_take, requirement_type_at_take, performance_self, assignment_difficulty_4, credit_ease, class_difficulty, assignment_load, attendance_strictness, satisfaction, recommendation, created_at, body_main) VALUES ('673743bd-e54f-4dfd-8dbc-4b2371767fb8', '00000000-0000-0000-0000-000000000001', '11111111-bbbb-aaaa-aaaa-000000000001', '経済学部', '経済学科', 4, NULL, 2025, 's1', 2, 'elective', 1, 4, 1, 5, 5, 4, 1, 1, NOW(), '板書が読みにくく、質問もしづらかった。結局自習に頼ることが多い。');
INSERT INTO course_reviews (id, user_id, subject_id, faculty, department, grade_at_take, teacher_names, academic_year, term, credits_at_take, requirement_type_at_take, performance_self, assignment_difficulty_4, credit_ease, class_difficulty, assignment_load, attendance_strictness, satisfaction, recommendation, created_at, body_main) VALUES ('28b71fea-b069-487d-8b3f-3e62cbeca3fd', '00000000-0000-0000-0000-000000000001', '11111111-bbbb-aaaa-aaaa-000000000001', '経済学部', '経済学科', 5, NULL, 2025, 's2', 2, 'elective', 3, 3, 3, 3, 3, 3, 3, 3, NOW(), '平均的な内容で、出席や課題の負担もほどほど。無理なく受けられた。');
INSERT INTO course_reviews (id, user_id, subject_id, faculty, department, grade_at_take, teacher_names, academic_year, term, credits_at_take, requirement_type_at_take, performance_self, assignment_difficulty_4, credit_ease, class_difficulty, assignment_load, attendance_strictness, satisfaction, recommendation, created_at, body_main) VALUES ('7c67ffd5-0201-4b95-95a5-542cc1d5f856', '00000000-0000-0000-0000-000000000002', '11111111-bbbb-aaaa-aaaa-000000000001', '経済学部', '経済学科', 6, NULL, 2021, 's1', 2, 'elective', 4, 2, 5, 2, 2, 2, 5, 5, NOW(), '講義の流れが分かりやすく、演習も役立った。成績評価が明快で安心感がある。');
INSERT INTO course_reviews (id, user_id, subject_id, faculty, department, grade_at_take, teacher_names, academic_year, term, credits_at_take, requirement_type_at_take, performance_self, assignment_difficulty_4, credit_ease, class_difficulty, assignment_load, attendance_strictness, satisfaction, recommendation, created_at, body_main) VALUES ('256ac8fb-f960-4d32-a995-4ab1b8a8a0a0', '00000000-0000-0000-0000-000000000002', '11111111-bbbb-aaaa-aaaa-000000000001', '経済学部', '経済学科', 1, ARRAY['小林 美咲'], 2021, 's2', 2, 'elective', 1, 4, 1, 5, 5, 4, 1, 1, NOW(), '進行が早くフォローが少ない。レポートが多く、負担の割に学びが薄い。');
INSERT INTO course_reviews (id, user_id, subject_id, faculty, department, grade_at_take, teacher_names, academic_year, term, credits_at_take, requirement_type_at_take, performance_self, assignment_difficulty_4, credit_ease, class_difficulty, assignment_load, attendance_strictness, satisfaction, recommendation, created_at, body_main) VALUES ('063fb09b-139a-4ad9-8599-2f3cee50ecff', '00000000-0000-0000-0000-000000000002', '11111111-bbbb-aaaa-aaaa-000000000001', '経済学部', '経済学科', 2, NULL, 2022, 's1', 2, 'elective', 3, 3, 3, 3, 3, 3, 3, 3, NOW(), '悪くはないが特別良い点もない。単位目的なら問題ない印象。');
INSERT INTO course_reviews (id, user_id, subject_id, faculty, department, grade_at_take, teacher_names, academic_year, term, credits_at_take, requirement_type_at_take, performance_self, assignment_difficulty_4, credit_ease, class_difficulty, assignment_load, attendance_strictness, satisfaction, recommendation, created_at, body_main) VALUES ('9e132829-1b06-4660-8c13-3018b8e1775e', '00000000-0000-0000-0000-000000000002', '11111111-bbbb-aaaa-aaaa-000000000001', '経済学部', '経済学科', 3, NULL, 2022, 's2', 2, 'elective', 4, 2, 5, 2, 2, 2, 5, 5, NOW(), '資料が整理されていて復習しやすい。内容も実践的で学びが多かった。');
INSERT INTO course_reviews (id, user_id, subject_id, faculty, department, grade_at_take, teacher_names, academic_year, term, credits_at_take, requirement_type_at_take, performance_self, assignment_difficulty_4, credit_ease, class_difficulty, assignment_load, attendance_strictness, satisfaction, recommendation, created_at, body_main) VALUES ('4db3a33b-dff8-47f6-a6ad-a74e50f5893b', '00000000-0000-0000-0000-000000000002', '11111111-bbbb-aaaa-aaaa-000000000001', '経済学部', '経済学科', 4, ARRAY['鈴木 一郎'], 2023, 's1', 2, 'elective', 1, 4, 1, 5, 5, 4, 1, 1, NOW(), '内容は面白いはずなのに運営が雑で、受講後に疲れだけが残った。');
INSERT INTO course_reviews (id, user_id, subject_id, faculty, department, grade_at_take, teacher_names, academic_year, term, credits_at_take, requirement_type_at_take, performance_self, assignment_difficulty_4, credit_ease, class_difficulty, assignment_load, attendance_strictness, satisfaction, recommendation, created_at, body_main) VALUES ('646011f5-1955-46c9-953b-797be2c6ddfc', '00000000-0000-0000-0000-000000000002', '11111111-bbbb-aaaa-aaaa-000000000001', '経済学部', '経済学科', 5, NULL, 2023, 's2', 2, 'elective', 3, 3, 3, 3, 3, 3, 3, 3, NOW(), '内容は標準的で可もなく不可もなし。資料は整っていて履修はしやすい。');
INSERT INTO course_reviews (id, user_id, subject_id, faculty, department, grade_at_take, teacher_names, academic_year, term, credits_at_take, requirement_type_at_take, performance_self, assignment_difficulty_4, credit_ease, class_difficulty, assignment_load, attendance_strictness, satisfaction, recommendation, created_at, body_main) VALUES ('dd144d83-ae06-4829-903c-966484b92738', '00000000-0000-0000-0000-000000000002', '11111111-bbbb-aaaa-aaaa-000000000001', '経済学部', '経済学科', 6, NULL, 2024, 's1', 2, 'elective', 3, 3, 3, 3, 3, 3, 3, 3, NOW(), '授業は淡々と進むが、基礎は押さえられる。忙しい学期でも無理なく受講可能。');
INSERT INTO course_reviews (id, user_id, subject_id, faculty, department, grade_at_take, teacher_names, academic_year, term, credits_at_take, requirement_type_at_take, performance_self, assignment_difficulty_4, credit_ease, class_difficulty, assignment_load, attendance_strictness, satisfaction, recommendation, created_at, body_main) VALUES ('3feb6e91-df20-4411-af4a-b76e1fb13e2e', '00000000-0000-0000-0000-000000000002', '11111111-bbbb-aaaa-aaaa-000000000001', '経済学部', '経済学科', 1, ARRAY['小林 美咲'], 2024, 's2', 2, 'elective', 4, 2, 5, 2, 2, 2, 5, 5, NOW(), '先生の進行が上手く、要点が整理されている。試験も素直で取り組みやすい。');
INSERT INTO course_reviews (id, user_id, subject_id, faculty, department, grade_at_take, teacher_names, academic_year, term, credits_at_take, requirement_type_at_take, performance_self, assignment_difficulty_4, credit_ease, class_difficulty, assignment_load, attendance_strictness, satisfaction, recommendation, created_at, body_main) VALUES ('974816c3-e81b-446a-8c7f-4fc23fb65527', '00000000-0000-0000-0000-000000000002', '11111111-bbbb-aaaa-aaaa-000000000001', '経済学部', '経済学科', 2, NULL, 2025, 's1', 2, 'elective', 1, 4, 1, 5, 5, 4, 1, 1, NOW(), '板書が読みにくく、質問もしづらかった。結局自習に頼ることが多い。');
INSERT INTO course_reviews (id, user_id, subject_id, faculty, department, grade_at_take, teacher_names, academic_year, term, credits_at_take, requirement_type_at_take, performance_self, assignment_difficulty_4, credit_ease, class_difficulty, assignment_load, attendance_strictness, satisfaction, recommendation, created_at, body_main) VALUES ('3bfc06e0-72c4-4638-8b5d-776d718df0c3', '00000000-0000-0000-0000-000000000002', '11111111-bbbb-aaaa-aaaa-000000000001', '経済学部', '経済学科', 3, ARRAY['鈴木 一郎'], 2025, 's2', 2, 'elective', 3, 3, 3, 3, 3, 3, 3, 3, NOW(), '平均的な内容で、出席や課題の負担もほどほど。無理なく受けられた。');
INSERT INTO course_reviews (id, user_id, subject_id, faculty, department, grade_at_take, teacher_names, academic_year, term, credits_at_take, requirement_type_at_take, performance_self, assignment_difficulty_4, credit_ease, class_difficulty, assignment_load, attendance_strictness, satisfaction, recommendation, created_at, body_main) VALUES ('37289f94-b4c9-464c-ad90-677e454a6168', '00000000-0000-0000-0000-000000000001', '11111111-bbbb-aaaa-aaaa-000000000002', '理学部', '統計学科', 4, NULL, 2021, 's1', 2, 'elective', 4, 2, 5, 2, 2, 2, 5, 5, NOW(), '講義の流れが分かりやすく、演習も役立った。成績評価が明快で安心感がある。');
INSERT INTO course_reviews (id, user_id, subject_id, faculty, department, grade_at_take, teacher_names, academic_year, term, credits_at_take, requirement_type_at_take, performance_self, assignment_difficulty_4, credit_ease, class_difficulty, assignment_load, attendance_strictness, satisfaction, recommendation, created_at, body_main) VALUES ('c47b7fe9-ae2c-4e2c-a298-a7c15574e705', '00000000-0000-0000-0000-000000000001', '11111111-bbbb-aaaa-aaaa-000000000002', '理学部', '統計学科', 5, ARRAY['田中 真由'], 2021, 's2', 2, 'elective', 1, 4, 1, 5, 5, 4, 1, 1, NOW(), '進行が早くフォローが少ない。レポートが多く、負担の割に学びが薄い。');
INSERT INTO course_reviews (id, user_id, subject_id, faculty, department, grade_at_take, teacher_names, academic_year, term, credits_at_take, requirement_type_at_take, performance_self, assignment_difficulty_4, credit_ease, class_difficulty, assignment_load, attendance_strictness, satisfaction, recommendation, created_at, body_main) VALUES ('936d9744-fad1-4dd5-a35e-371805bd4bd3', '00000000-0000-0000-0000-000000000001', '11111111-bbbb-aaaa-aaaa-000000000002', '理学部', '統計学科', 6, NULL, 2022, 's1', 2, 'elective', 3, 3, 3, 3, 3, 3, 3, 3, NOW(), '悪くはないが特別良い点もない。単位目的なら問題ない印象。');
INSERT INTO course_reviews (id, user_id, subject_id, faculty, department, grade_at_take, teacher_names, academic_year, term, credits_at_take, requirement_type_at_take, performance_self, assignment_difficulty_4, credit_ease, class_difficulty, assignment_load, attendance_strictness, satisfaction, recommendation, created_at, body_main) VALUES ('04118654-b8e5-4fb7-a428-888f9f9aaef3', '00000000-0000-0000-0000-000000000001', '11111111-bbbb-aaaa-aaaa-000000000002', '理学部', '統計学科', 1, NULL, 2022, 's2', 2, 'elective', 4, 2, 5, 2, 2, 2, 5, 5, NOW(), '資料が整理されていて復習しやすい。内容も実践的で学びが多かった。');
INSERT INTO course_reviews (id, user_id, subject_id, faculty, department, grade_at_take, teacher_names, academic_year, term, credits_at_take, requirement_type_at_take, performance_self, assignment_difficulty_4, credit_ease, class_difficulty, assignment_load, attendance_strictness, satisfaction, recommendation, created_at, body_main) VALUES ('b8743c53-3fd4-488d-84bf-500bbacaca72', '00000000-0000-0000-0000-000000000001', '11111111-bbbb-aaaa-aaaa-000000000002', '理学部', '統計学科', 2, ARRAY['山田 太郎'], 2023, 's1', 2, 'elective', 1, 4, 1, 5, 5, 4, 1, 1, NOW(), '内容は面白いはずなのに運営が雑で、受講後に疲れだけが残った。');
INSERT INTO course_reviews (id, user_id, subject_id, faculty, department, grade_at_take, teacher_names, academic_year, term, credits_at_take, requirement_type_at_take, performance_self, assignment_difficulty_4, credit_ease, class_difficulty, assignment_load, attendance_strictness, satisfaction, recommendation, created_at, body_main) VALUES ('bcf9b933-f763-4b9f-80c5-751db1dc035c', '00000000-0000-0000-0000-000000000001', '11111111-bbbb-aaaa-aaaa-000000000002', '理学部', '統計学科', 3, NULL, 2023, 's2', 2, 'elective', 3, 3, 3, 3, 3, 3, 3, 3, NOW(), '内容は標準的で可もなく不可もなし。資料は整っていて履修はしやすい。');
INSERT INTO course_reviews (id, user_id, subject_id, faculty, department, grade_at_take, teacher_names, academic_year, term, credits_at_take, requirement_type_at_take, performance_self, assignment_difficulty_4, credit_ease, class_difficulty, assignment_load, attendance_strictness, satisfaction, recommendation, created_at, body_main) VALUES ('f5c050d6-cf90-4376-bdb1-a10e8506fb71', '00000000-0000-0000-0000-000000000001', '11111111-bbbb-aaaa-aaaa-000000000002', '理学部', '統計学科', 4, NULL, 2024, 's1', 2, 'elective', 3, 3, 3, 3, 3, 3, 3, 3, NOW(), '授業は淡々と進むが、基礎は押さえられる。忙しい学期でも無理なく受講可能。');
INSERT INTO course_reviews (id, user_id, subject_id, faculty, department, grade_at_take, teacher_names, academic_year, term, credits_at_take, requirement_type_at_take, performance_self, assignment_difficulty_4, credit_ease, class_difficulty, assignment_load, attendance_strictness, satisfaction, recommendation, created_at, body_main) VALUES ('744ae835-d833-4880-b519-b295e8db344d', '00000000-0000-0000-0000-000000000001', '11111111-bbbb-aaaa-aaaa-000000000002', '理学部', '統計学科', 5, ARRAY['田中 真由'], 2024, 's2', 2, 'elective', 4, 2, 5, 2, 2, 2, 5, 5, NOW(), '先生の進行が上手く、要点が整理されている。試験も素直で取り組みやすい。');
INSERT INTO course_reviews (id, user_id, subject_id, faculty, department, grade_at_take, teacher_names, academic_year, term, credits_at_take, requirement_type_at_take, performance_self, assignment_difficulty_4, credit_ease, class_difficulty, assignment_load, attendance_strictness, satisfaction, recommendation, created_at, body_main) VALUES ('96d779f9-c15e-4e56-85c6-2fd1e61c2c41', '00000000-0000-0000-0000-000000000001', '11111111-bbbb-aaaa-aaaa-000000000002', '理学部', '統計学科', 6, NULL, 2025, 's1', 2, 'elective', 1, 4, 1, 5, 5, 4, 1, 1, NOW(), '板書が読みにくく、質問もしづらかった。結局自習に頼ることが多い。');
INSERT INTO course_reviews (id, user_id, subject_id, faculty, department, grade_at_take, teacher_names, academic_year, term, credits_at_take, requirement_type_at_take, performance_self, assignment_difficulty_4, credit_ease, class_difficulty, assignment_load, attendance_strictness, satisfaction, recommendation, created_at, body_main) VALUES ('a6533bfd-4a5f-4ce9-8dc8-dfb35f428c44', '00000000-0000-0000-0000-000000000001', '11111111-bbbb-aaaa-aaaa-000000000002', '理学部', '統計学科', 1, NULL, 2025, 's2', 2, 'elective', 3, 3, 3, 3, 3, 3, 3, 3, NOW(), '平均的な内容で、出席や課題の負担もほどほど。無理なく受けられた。');
INSERT INTO course_reviews (id, user_id, subject_id, faculty, department, grade_at_take, teacher_names, academic_year, term, credits_at_take, requirement_type_at_take, performance_self, assignment_difficulty_4, credit_ease, class_difficulty, assignment_load, attendance_strictness, satisfaction, recommendation, created_at, body_main) VALUES ('ec7390c4-7d52-4019-a66c-c73b51aac4be', '00000000-0000-0000-0000-000000000002', '11111111-bbbb-aaaa-aaaa-000000000002', '理学部', '統計学科', 2, NULL, 2021, 's1', 2, 'elective', 4, 2, 5, 2, 2, 2, 5, 5, NOW(), '講義の流れが分かりやすく、演習も役立った。成績評価が明快で安心感がある。');
INSERT INTO course_reviews (id, user_id, subject_id, faculty, department, grade_at_take, teacher_names, academic_year, term, credits_at_take, requirement_type_at_take, performance_self, assignment_difficulty_4, credit_ease, class_difficulty, assignment_load, attendance_strictness, satisfaction, recommendation, created_at, body_main) VALUES ('394b9398-559e-4096-b75f-18e822673372', '00000000-0000-0000-0000-000000000002', '11111111-bbbb-aaaa-aaaa-000000000002', '理学部', '統計学科', 3, ARRAY['佐藤 花子'], 2021, 's2', 2, 'elective', 1, 4, 1, 5, 5, 4, 1, 1, NOW(), '進行が早くフォローが少ない。レポートが多く、負担の割に学びが薄い。');
INSERT INTO course_reviews (id, user_id, subject_id, faculty, department, grade_at_take, teacher_names, academic_year, term, credits_at_take, requirement_type_at_take, performance_self, assignment_difficulty_4, credit_ease, class_difficulty, assignment_load, attendance_strictness, satisfaction, recommendation, created_at, body_main) VALUES ('091a632f-76d1-44e2-b82b-94e37a6f317e', '00000000-0000-0000-0000-000000000002', '11111111-bbbb-aaaa-aaaa-000000000002', '理学部', '統計学科', 4, NULL, 2022, 's1', 2, 'elective', 3, 3, 3, 3, 3, 3, 3, 3, NOW(), '悪くはないが特別良い点もない。単位目的なら問題ない印象。');
INSERT INTO course_reviews (id, user_id, subject_id, faculty, department, grade_at_take, teacher_names, academic_year, term, credits_at_take, requirement_type_at_take, performance_self, assignment_difficulty_4, credit_ease, class_difficulty, assignment_load, attendance_strictness, satisfaction, recommendation, created_at, body_main) VALUES ('48dc4de7-81b1-42b9-8f53-6379b2c6aead', '00000000-0000-0000-0000-000000000002', '11111111-bbbb-aaaa-aaaa-000000000002', '理学部', '統計学科', 5, NULL, 2022, 's2', 2, 'elective', 4, 2, 5, 2, 2, 2, 5, 5, NOW(), '資料が整理されていて復習しやすい。内容も実践的で学びが多かった。');
INSERT INTO course_reviews (id, user_id, subject_id, faculty, department, grade_at_take, teacher_names, academic_year, term, credits_at_take, requirement_type_at_take, performance_self, assignment_difficulty_4, credit_ease, class_difficulty, assignment_load, attendance_strictness, satisfaction, recommendation, created_at, body_main) VALUES ('a8c6125f-155c-49f8-bc45-02b5465bf054', '00000000-0000-0000-0000-000000000002', '11111111-bbbb-aaaa-aaaa-000000000002', '理学部', '統計学科', 6, ARRAY['高橋 健'], 2023, 's1', 2, 'elective', 1, 4, 1, 5, 5, 4, 1, 1, NOW(), '内容は面白いはずなのに運営が雑で、受講後に疲れだけが残った。');
INSERT INTO course_reviews (id, user_id, subject_id, faculty, department, grade_at_take, teacher_names, academic_year, term, credits_at_take, requirement_type_at_take, performance_self, assignment_difficulty_4, credit_ease, class_difficulty, assignment_load, attendance_strictness, satisfaction, recommendation, created_at, body_main) VALUES ('7720263a-34c1-40e7-9c19-b674d8fa93e5', '00000000-0000-0000-0000-000000000002', '11111111-bbbb-aaaa-aaaa-000000000002', '理学部', '統計学科', 1, NULL, 2023, 's2', 2, 'elective', 3, 3, 3, 3, 3, 3, 3, 3, NOW(), '内容は標準的で可もなく不可もなし。資料は整っていて履修はしやすい。');
INSERT INTO course_reviews (id, user_id, subject_id, faculty, department, grade_at_take, teacher_names, academic_year, term, credits_at_take, requirement_type_at_take, performance_self, assignment_difficulty_4, credit_ease, class_difficulty, assignment_load, attendance_strictness, satisfaction, recommendation, created_at, body_main) VALUES ('2e0d34c4-c060-4383-b347-4d4423c40891', '00000000-0000-0000-0000-000000000002', '11111111-bbbb-aaaa-aaaa-000000000002', '理学部', '統計学科', 2, NULL, 2024, 's1', 2, 'elective', 3, 3, 3, 3, 3, 3, 3, 3, NOW(), '授業は淡々と進むが、基礎は押さえられる。忙しい学期でも無理なく受講可能。');
INSERT INTO course_reviews (id, user_id, subject_id, faculty, department, grade_at_take, teacher_names, academic_year, term, credits_at_take, requirement_type_at_take, performance_self, assignment_difficulty_4, credit_ease, class_difficulty, assignment_load, attendance_strictness, satisfaction, recommendation, created_at, body_main) VALUES ('2835064b-cf10-4527-a6bc-ecc226e366cb', '00000000-0000-0000-0000-000000000002', '11111111-bbbb-aaaa-aaaa-000000000002', '理学部', '統計学科', 3, ARRAY['佐藤 花子'], 2024, 's2', 2, 'elective', 4, 2, 5, 2, 2, 2, 5, 5, NOW(), '先生の進行が上手く、要点が整理されている。試験も素直で取り組みやすい。');
INSERT INTO course_reviews (id, user_id, subject_id, faculty, department, grade_at_take, teacher_names, academic_year, term, credits_at_take, requirement_type_at_take, performance_self, assignment_difficulty_4, credit_ease, class_difficulty, assignment_load, attendance_strictness, satisfaction, recommendation, created_at, body_main) VALUES ('5b872088-0647-4e27-8594-d2e7074c8423', '00000000-0000-0000-0000-000000000002', '11111111-bbbb-aaaa-aaaa-000000000002', '理学部', '統計学科', 4, NULL, 2025, 's1', 2, 'elective', 1, 4, 1, 5, 5, 4, 1, 1, NOW(), '板書が読みにくく、質問もしづらかった。結局自習に頼ることが多い。');
INSERT INTO course_reviews (id, user_id, subject_id, faculty, department, grade_at_take, teacher_names, academic_year, term, credits_at_take, requirement_type_at_take, performance_self, assignment_difficulty_4, credit_ease, class_difficulty, assignment_load, attendance_strictness, satisfaction, recommendation, created_at, body_main) VALUES ('322322aa-db87-4321-80e3-a323d66bf4a4', '00000000-0000-0000-0000-000000000002', '11111111-bbbb-aaaa-aaaa-000000000002', '理学部', '統計学科', 5, ARRAY['高橋 健'], 2025, 's2', 2, 'elective', 3, 3, 3, 3, 3, 3, 3, 3, NOW(), '平均的な内容で、出席や課題の負担もほどほど。無理なく受けられた。');
INSERT INTO course_reviews (id, user_id, subject_id, faculty, department, grade_at_take, teacher_names, academic_year, term, credits_at_take, requirement_type_at_take, performance_self, assignment_difficulty_4, credit_ease, class_difficulty, assignment_load, attendance_strictness, satisfaction, recommendation, created_at, body_main) VALUES ('db7f681e-c2b6-487a-a1b2-ca4a9fbd4748', '00000000-0000-0000-0000-000000000001', '11111111-bbbb-aaaa-aaaa-000000000003', '文学部', '心理学科', 6, NULL, 2021, 's1', 2, 'elective', 4, 2, 5, 2, 2, 2, 5, 5, NOW(), '講義の流れが分かりやすく、演習も役立った。成績評価が明快で安心感がある。');
INSERT INTO course_reviews (id, user_id, subject_id, faculty, department, grade_at_take, teacher_names, academic_year, term, credits_at_take, requirement_type_at_take, performance_self, assignment_difficulty_4, credit_ease, class_difficulty, assignment_load, attendance_strictness, satisfaction, recommendation, created_at, body_main) VALUES ('83bdfd41-b9b0-46c6-adc0-db200b5efdc5', '00000000-0000-0000-0000-000000000001', '11111111-bbbb-aaaa-aaaa-000000000003', '文学部', '心理学科', 1, ARRAY['小林 美咲'], 2021, 's2', 2, 'elective', 1, 4, 1, 5, 5, 4, 1, 1, NOW(), '進行が早くフォローが少ない。レポートが多く、負担の割に学びが薄い。');
INSERT INTO course_reviews (id, user_id, subject_id, faculty, department, grade_at_take, teacher_names, academic_year, term, credits_at_take, requirement_type_at_take, performance_self, assignment_difficulty_4, credit_ease, class_difficulty, assignment_load, attendance_strictness, satisfaction, recommendation, created_at, body_main) VALUES ('9ae57ff0-50fe-43fe-9164-c10929927f19', '00000000-0000-0000-0000-000000000001', '11111111-bbbb-aaaa-aaaa-000000000003', '文学部', '心理学科', 2, NULL, 2022, 's1', 2, 'elective', 3, 3, 3, 3, 3, 3, 3, 3, NOW(), '悪くはないが特別良い点もない。単位目的なら問題ない印象。');
INSERT INTO course_reviews (id, user_id, subject_id, faculty, department, grade_at_take, teacher_names, academic_year, term, credits_at_take, requirement_type_at_take, performance_self, assignment_difficulty_4, credit_ease, class_difficulty, assignment_load, attendance_strictness, satisfaction, recommendation, created_at, body_main) VALUES ('eec86bd1-cbae-4d46-b0dd-25a63cf3ea4d', '00000000-0000-0000-0000-000000000001', '11111111-bbbb-aaaa-aaaa-000000000003', '文学部', '心理学科', 3, NULL, 2022, 's2', 2, 'elective', 4, 2, 5, 2, 2, 2, 5, 5, NOW(), '資料が整理されていて復習しやすい。内容も実践的で学びが多かった。');
INSERT INTO course_reviews (id, user_id, subject_id, faculty, department, grade_at_take, teacher_names, academic_year, term, credits_at_take, requirement_type_at_take, performance_self, assignment_difficulty_4, credit_ease, class_difficulty, assignment_load, attendance_strictness, satisfaction, recommendation, created_at, body_main) VALUES ('ea8a437e-f3c4-40e1-9146-a9863e9efea3', '00000000-0000-0000-0000-000000000001', '11111111-bbbb-aaaa-aaaa-000000000003', '文学部', '心理学科', 4, ARRAY['鈴木 一郎'], 2023, 's1', 2, 'elective', 1, 4, 1, 5, 5, 4, 1, 1, NOW(), '内容は面白いはずなのに運営が雑で、受講後に疲れだけが残った。');
INSERT INTO course_reviews (id, user_id, subject_id, faculty, department, grade_at_take, teacher_names, academic_year, term, credits_at_take, requirement_type_at_take, performance_self, assignment_difficulty_4, credit_ease, class_difficulty, assignment_load, attendance_strictness, satisfaction, recommendation, created_at, body_main) VALUES ('f4becc70-015b-4408-af6f-47a23f16dc31', '00000000-0000-0000-0000-000000000001', '11111111-bbbb-aaaa-aaaa-000000000003', '文学部', '心理学科', 5, NULL, 2023, 's2', 2, 'elective', 3, 3, 3, 3, 3, 3, 3, 3, NOW(), '内容は標準的で可もなく不可もなし。資料は整っていて履修はしやすい。');
INSERT INTO course_reviews (id, user_id, subject_id, faculty, department, grade_at_take, teacher_names, academic_year, term, credits_at_take, requirement_type_at_take, performance_self, assignment_difficulty_4, credit_ease, class_difficulty, assignment_load, attendance_strictness, satisfaction, recommendation, created_at, body_main) VALUES ('305d1359-0c31-441b-a653-b5ac0c4276f1', '00000000-0000-0000-0000-000000000001', '11111111-bbbb-aaaa-aaaa-000000000003', '文学部', '心理学科', 6, NULL, 2024, 's1', 2, 'elective', 3, 3, 3, 3, 3, 3, 3, 3, NOW(), '授業は淡々と進むが、基礎は押さえられる。忙しい学期でも無理なく受講可能。');
INSERT INTO course_reviews (id, user_id, subject_id, faculty, department, grade_at_take, teacher_names, academic_year, term, credits_at_take, requirement_type_at_take, performance_self, assignment_difficulty_4, credit_ease, class_difficulty, assignment_load, attendance_strictness, satisfaction, recommendation, created_at, body_main) VALUES ('75cf99d8-7d16-46e7-9f41-cee2723a0ec6', '00000000-0000-0000-0000-000000000001', '11111111-bbbb-aaaa-aaaa-000000000003', '文学部', '心理学科', 1, ARRAY['小林 美咲'], 2024, 's2', 2, 'elective', 4, 2, 5, 2, 2, 2, 5, 5, NOW(), '先生の進行が上手く、要点が整理されている。試験も素直で取り組みやすい。');
INSERT INTO course_reviews (id, user_id, subject_id, faculty, department, grade_at_take, teacher_names, academic_year, term, credits_at_take, requirement_type_at_take, performance_self, assignment_difficulty_4, credit_ease, class_difficulty, assignment_load, attendance_strictness, satisfaction, recommendation, created_at, body_main) VALUES ('2a537af9-3c97-4e83-8e3e-2a6c7c255edd', '00000000-0000-0000-0000-000000000001', '11111111-bbbb-aaaa-aaaa-000000000003', '文学部', '心理学科', 2, NULL, 2025, 's1', 2, 'elective', 1, 4, 1, 5, 5, 4, 1, 1, NOW(), '板書が読みにくく、質問もしづらかった。結局自習に頼ることが多い。');
INSERT INTO course_reviews (id, user_id, subject_id, faculty, department, grade_at_take, teacher_names, academic_year, term, credits_at_take, requirement_type_at_take, performance_self, assignment_difficulty_4, credit_ease, class_difficulty, assignment_load, attendance_strictness, satisfaction, recommendation, created_at, body_main) VALUES ('d4afcba9-5018-41b7-8feb-60bbe386cfb8', '00000000-0000-0000-0000-000000000001', '11111111-bbbb-aaaa-aaaa-000000000003', '文学部', '心理学科', 3, NULL, 2025, 's2', 2, 'elective', 3, 3, 3, 3, 3, 3, 3, 3, NOW(), '平均的な内容で、出席や課題の負担もほどほど。無理なく受けられた。');
INSERT INTO course_reviews (id, user_id, subject_id, faculty, department, grade_at_take, teacher_names, academic_year, term, credits_at_take, requirement_type_at_take, performance_self, assignment_difficulty_4, credit_ease, class_difficulty, assignment_load, attendance_strictness, satisfaction, recommendation, created_at, body_main) VALUES ('6141a872-cdc9-46eb-957b-b6b023f90565', '00000000-0000-0000-0000-000000000002', '11111111-bbbb-aaaa-aaaa-000000000003', '文学部', '心理学科', 4, NULL, 2021, 's1', 2, 'elective', 4, 2, 5, 2, 2, 2, 5, 5, NOW(), '講義の流れが分かりやすく、演習も役立った。成績評価が明快で安心感がある。');
INSERT INTO course_reviews (id, user_id, subject_id, faculty, department, grade_at_take, teacher_names, academic_year, term, credits_at_take, requirement_type_at_take, performance_self, assignment_difficulty_4, credit_ease, class_difficulty, assignment_load, attendance_strictness, satisfaction, recommendation, created_at, body_main) VALUES ('67611995-36d3-4998-a815-538d80bf937b', '00000000-0000-0000-0000-000000000002', '11111111-bbbb-aaaa-aaaa-000000000003', '文学部', '心理学科', 5, ARRAY['田中 真由'], 2021, 's2', 2, 'elective', 1, 4, 1, 5, 5, 4, 1, 1, NOW(), '進行が早くフォローが少ない。レポートが多く、負担の割に学びが薄い。');
INSERT INTO course_reviews (id, user_id, subject_id, faculty, department, grade_at_take, teacher_names, academic_year, term, credits_at_take, requirement_type_at_take, performance_self, assignment_difficulty_4, credit_ease, class_difficulty, assignment_load, attendance_strictness, satisfaction, recommendation, created_at, body_main) VALUES ('71f95c39-bc3e-468b-a351-6043505aacd7', '00000000-0000-0000-0000-000000000002', '11111111-bbbb-aaaa-aaaa-000000000003', '文学部', '心理学科', 6, NULL, 2022, 's1', 2, 'elective', 3, 3, 3, 3, 3, 3, 3, 3, NOW(), '悪くはないが特別良い点もない。単位目的なら問題ない印象。');
INSERT INTO course_reviews (id, user_id, subject_id, faculty, department, grade_at_take, teacher_names, academic_year, term, credits_at_take, requirement_type_at_take, performance_self, assignment_difficulty_4, credit_ease, class_difficulty, assignment_load, attendance_strictness, satisfaction, recommendation, created_at, body_main) VALUES ('5a07824d-0283-4938-88a8-cfadbed03747', '00000000-0000-0000-0000-000000000002', '11111111-bbbb-aaaa-aaaa-000000000003', '文学部', '心理学科', 1, NULL, 2022, 's2', 2, 'elective', 4, 2, 5, 2, 2, 2, 5, 5, NOW(), '資料が整理されていて復習しやすい。内容も実践的で学びが多かった。');
INSERT INTO course_reviews (id, user_id, subject_id, faculty, department, grade_at_take, teacher_names, academic_year, term, credits_at_take, requirement_type_at_take, performance_self, assignment_difficulty_4, credit_ease, class_difficulty, assignment_load, attendance_strictness, satisfaction, recommendation, created_at, body_main) VALUES ('07c49c12-7026-4145-b005-2e1829b1f77a', '00000000-0000-0000-0000-000000000002', '11111111-bbbb-aaaa-aaaa-000000000003', '文学部', '心理学科', 2, ARRAY['山田 太郎'], 2023, 's1', 2, 'elective', 1, 4, 1, 5, 5, 4, 1, 1, NOW(), '内容は面白いはずなのに運営が雑で、受講後に疲れだけが残った。');
INSERT INTO course_reviews (id, user_id, subject_id, faculty, department, grade_at_take, teacher_names, academic_year, term, credits_at_take, requirement_type_at_take, performance_self, assignment_difficulty_4, credit_ease, class_difficulty, assignment_load, attendance_strictness, satisfaction, recommendation, created_at, body_main) VALUES ('4d204ff7-8e99-47c9-9200-b87671406c01', '00000000-0000-0000-0000-000000000002', '11111111-bbbb-aaaa-aaaa-000000000003', '文学部', '心理学科', 3, NULL, 2023, 's2', 2, 'elective', 3, 3, 3, 3, 3, 3, 3, 3, NOW(), '内容は標準的で可もなく不可もなし。資料は整っていて履修はしやすい。');
INSERT INTO course_reviews (id, user_id, subject_id, faculty, department, grade_at_take, teacher_names, academic_year, term, credits_at_take, requirement_type_at_take, performance_self, assignment_difficulty_4, credit_ease, class_difficulty, assignment_load, attendance_strictness, satisfaction, recommendation, created_at, body_main) VALUES ('5d61e39c-0c9d-4743-9a9c-d93a6ab3bb6d', '00000000-0000-0000-0000-000000000002', '11111111-bbbb-aaaa-aaaa-000000000003', '文学部', '心理学科', 4, NULL, 2024, 's1', 2, 'elective', 3, 3, 3, 3, 3, 3, 3, 3, NOW(), '授業は淡々と進むが、基礎は押さえられる。忙しい学期でも無理なく受講可能。');
INSERT INTO course_reviews (id, user_id, subject_id, faculty, department, grade_at_take, teacher_names, academic_year, term, credits_at_take, requirement_type_at_take, performance_self, assignment_difficulty_4, credit_ease, class_difficulty, assignment_load, attendance_strictness, satisfaction, recommendation, created_at, body_main) VALUES ('9bf7a490-1a28-465a-8ec7-ca2bd3ef1764', '00000000-0000-0000-0000-000000000002', '11111111-bbbb-aaaa-aaaa-000000000003', '文学部', '心理学科', 5, ARRAY['田中 真由'], 2024, 's2', 2, 'elective', 4, 2, 5, 2, 2, 2, 5, 5, NOW(), '先生の進行が上手く、要点が整理されている。試験も素直で取り組みやすい。');
INSERT INTO course_reviews (id, user_id, subject_id, faculty, department, grade_at_take, teacher_names, academic_year, term, credits_at_take, requirement_type_at_take, performance_self, assignment_difficulty_4, credit_ease, class_difficulty, assignment_load, attendance_strictness, satisfaction, recommendation, created_at, body_main) VALUES ('6d83f8d5-71b0-46ca-ace3-d078b1ce88ab', '00000000-0000-0000-0000-000000000002', '11111111-bbbb-aaaa-aaaa-000000000003', '文学部', '心理学科', 6, NULL, 2025, 's1', 2, 'elective', 1, 4, 1, 5, 5, 4, 1, 1, NOW(), '板書が読みにくく、質問もしづらかった。結局自習に頼ることが多い。');
INSERT INTO course_reviews (id, user_id, subject_id, faculty, department, grade_at_take, teacher_names, academic_year, term, credits_at_take, requirement_type_at_take, performance_self, assignment_difficulty_4, credit_ease, class_difficulty, assignment_load, attendance_strictness, satisfaction, recommendation, created_at, body_main) VALUES ('944bd203-3a7d-4c67-8182-7ce5716ae978', '00000000-0000-0000-0000-000000000002', '11111111-bbbb-aaaa-aaaa-000000000003', '文学部', '心理学科', 1, ARRAY['山田 太郎'], 2025, 's2', 2, 'elective', 3, 3, 3, 3, 3, 3, 3, 3, NOW(), '平均的な内容で、出席や課題の負担もほどほど。無理なく受けられた。');
INSERT INTO course_reviews (id, user_id, subject_id, faculty, department, grade_at_take, teacher_names, academic_year, term, credits_at_take, requirement_type_at_take, performance_self, assignment_difficulty_4, credit_ease, class_difficulty, assignment_load, attendance_strictness, satisfaction, recommendation, created_at, body_main) VALUES ('24135067-b7ec-4013-8989-78efaf3e81fa', '00000000-0000-0000-0000-000000000001', '11111111-bbbb-aaaa-aaaa-000000000004', '法学部', '法律学科', 2, NULL, 2021, 's1', 2, 'elective', 4, 2, 5, 2, 2, 2, 5, 5, NOW(), '講義の流れが分かりやすく、演習も役立った。成績評価が明快で安心感がある。');
INSERT INTO course_reviews (id, user_id, subject_id, faculty, department, grade_at_take, teacher_names, academic_year, term, credits_at_take, requirement_type_at_take, performance_self, assignment_difficulty_4, credit_ease, class_difficulty, assignment_load, attendance_strictness, satisfaction, recommendation, created_at, body_main) VALUES ('a99d1343-ab95-4958-b4ba-57886d6d687e', '00000000-0000-0000-0000-000000000001', '11111111-bbbb-aaaa-aaaa-000000000004', '法学部', '法律学科', 3, ARRAY['佐藤 花子'], 2021, 's2', 2, 'elective', 1, 4, 1, 5, 5, 4, 1, 1, NOW(), '進行が早くフォローが少ない。レポートが多く、負担の割に学びが薄い。');
INSERT INTO course_reviews (id, user_id, subject_id, faculty, department, grade_at_take, teacher_names, academic_year, term, credits_at_take, requirement_type_at_take, performance_self, assignment_difficulty_4, credit_ease, class_difficulty, assignment_load, attendance_strictness, satisfaction, recommendation, created_at, body_main) VALUES ('3f64a2e9-cfc7-4dd8-9cef-3f3d4412bf7a', '00000000-0000-0000-0000-000000000001', '11111111-bbbb-aaaa-aaaa-000000000004', '法学部', '法律学科', 4, NULL, 2022, 's1', 2, 'elective', 3, 3, 3, 3, 3, 3, 3, 3, NOW(), '悪くはないが特別良い点もない。単位目的なら問題ない印象。');
INSERT INTO course_reviews (id, user_id, subject_id, faculty, department, grade_at_take, teacher_names, academic_year, term, credits_at_take, requirement_type_at_take, performance_self, assignment_difficulty_4, credit_ease, class_difficulty, assignment_load, attendance_strictness, satisfaction, recommendation, created_at, body_main) VALUES ('2c7357fc-839d-4e0f-958b-4249abb6815c', '00000000-0000-0000-0000-000000000001', '11111111-bbbb-aaaa-aaaa-000000000004', '法学部', '法律学科', 5, NULL, 2022, 's2', 2, 'elective', 4, 2, 5, 2, 2, 2, 5, 5, NOW(), '資料が整理されていて復習しやすい。内容も実践的で学びが多かった。');
INSERT INTO course_reviews (id, user_id, subject_id, faculty, department, grade_at_take, teacher_names, academic_year, term, credits_at_take, requirement_type_at_take, performance_self, assignment_difficulty_4, credit_ease, class_difficulty, assignment_load, attendance_strictness, satisfaction, recommendation, created_at, body_main) VALUES ('c4963bc7-48f7-4c63-8982-3550719a0c19', '00000000-0000-0000-0000-000000000001', '11111111-bbbb-aaaa-aaaa-000000000004', '法学部', '法律学科', 6, ARRAY['高橋 健'], 2023, 's1', 2, 'elective', 1, 4, 1, 5, 5, 4, 1, 1, NOW(), '内容は面白いはずなのに運営が雑で、受講後に疲れだけが残った。');
INSERT INTO course_reviews (id, user_id, subject_id, faculty, department, grade_at_take, teacher_names, academic_year, term, credits_at_take, requirement_type_at_take, performance_self, assignment_difficulty_4, credit_ease, class_difficulty, assignment_load, attendance_strictness, satisfaction, recommendation, created_at, body_main) VALUES ('5c33ccfb-73af-4741-83db-b1d7e6800918', '00000000-0000-0000-0000-000000000001', '11111111-bbbb-aaaa-aaaa-000000000004', '法学部', '法律学科', 1, NULL, 2023, 's2', 2, 'elective', 3, 3, 3, 3, 3, 3, 3, 3, NOW(), '内容は標準的で可もなく不可もなし。資料は整っていて履修はしやすい。');
INSERT INTO course_reviews (id, user_id, subject_id, faculty, department, grade_at_take, teacher_names, academic_year, term, credits_at_take, requirement_type_at_take, performance_self, assignment_difficulty_4, credit_ease, class_difficulty, assignment_load, attendance_strictness, satisfaction, recommendation, created_at, body_main) VALUES ('aa89c632-b9cb-49f3-9d24-b639d1a571df', '00000000-0000-0000-0000-000000000001', '11111111-bbbb-aaaa-aaaa-000000000004', '法学部', '法律学科', 2, NULL, 2024, 's1', 2, 'elective', 3, 3, 3, 3, 3, 3, 3, 3, NOW(), '授業は淡々と進むが、基礎は押さえられる。忙しい学期でも無理なく受講可能。');
INSERT INTO course_reviews (id, user_id, subject_id, faculty, department, grade_at_take, teacher_names, academic_year, term, credits_at_take, requirement_type_at_take, performance_self, assignment_difficulty_4, credit_ease, class_difficulty, assignment_load, attendance_strictness, satisfaction, recommendation, created_at, body_main) VALUES ('c4a58423-e27c-4b92-88e5-00ec15ac42b0', '00000000-0000-0000-0000-000000000001', '11111111-bbbb-aaaa-aaaa-000000000004', '法学部', '法律学科', 3, ARRAY['佐藤 花子'], 2024, 's2', 2, 'elective', 4, 2, 5, 2, 2, 2, 5, 5, NOW(), '先生の進行が上手く、要点が整理されている。試験も素直で取り組みやすい。');
INSERT INTO course_reviews (id, user_id, subject_id, faculty, department, grade_at_take, teacher_names, academic_year, term, credits_at_take, requirement_type_at_take, performance_self, assignment_difficulty_4, credit_ease, class_difficulty, assignment_load, attendance_strictness, satisfaction, recommendation, created_at, body_main) VALUES ('858a671d-3dc7-4859-80f0-cc32f6544b19', '00000000-0000-0000-0000-000000000001', '11111111-bbbb-aaaa-aaaa-000000000004', '法学部', '法律学科', 4, NULL, 2025, 's1', 2, 'elective', 1, 4, 1, 5, 5, 4, 1, 1, NOW(), '板書が読みにくく、質問もしづらかった。結局自習に頼ることが多い。');
INSERT INTO course_reviews (id, user_id, subject_id, faculty, department, grade_at_take, teacher_names, academic_year, term, credits_at_take, requirement_type_at_take, performance_self, assignment_difficulty_4, credit_ease, class_difficulty, assignment_load, attendance_strictness, satisfaction, recommendation, created_at, body_main) VALUES ('682c9f31-41a2-42ca-b07e-4e5a5a041379', '00000000-0000-0000-0000-000000000001', '11111111-bbbb-aaaa-aaaa-000000000004', '法学部', '法律学科', 5, NULL, 2025, 's2', 2, 'elective', 3, 3, 3, 3, 3, 3, 3, 3, NOW(), '平均的な内容で、出席や課題の負担もほどほど。無理なく受けられた。');
INSERT INTO course_reviews (id, user_id, subject_id, faculty, department, grade_at_take, teacher_names, academic_year, term, credits_at_take, requirement_type_at_take, performance_self, assignment_difficulty_4, credit_ease, class_difficulty, assignment_load, attendance_strictness, satisfaction, recommendation, created_at, body_main) VALUES ('2589afea-2e3c-42bb-9f8a-f65aa2d9425e', '00000000-0000-0000-0000-000000000002', '11111111-bbbb-aaaa-aaaa-000000000004', '法学部', '法律学科', 6, NULL, 2021, 's1', 2, 'elective', 4, 2, 5, 2, 2, 2, 5, 5, NOW(), '講義の流れが分かりやすく、演習も役立った。成績評価が明快で安心感がある。');
INSERT INTO course_reviews (id, user_id, subject_id, faculty, department, grade_at_take, teacher_names, academic_year, term, credits_at_take, requirement_type_at_take, performance_self, assignment_difficulty_4, credit_ease, class_difficulty, assignment_load, attendance_strictness, satisfaction, recommendation, created_at, body_main) VALUES ('d863fda6-3ac9-4980-be84-eee46a1f3b28', '00000000-0000-0000-0000-000000000002', '11111111-bbbb-aaaa-aaaa-000000000004', '法学部', '法律学科', 1, ARRAY['小林 美咲'], 2021, 's2', 2, 'elective', 1, 4, 1, 5, 5, 4, 1, 1, NOW(), '進行が早くフォローが少ない。レポートが多く、負担の割に学びが薄い。');
INSERT INTO course_reviews (id, user_id, subject_id, faculty, department, grade_at_take, teacher_names, academic_year, term, credits_at_take, requirement_type_at_take, performance_self, assignment_difficulty_4, credit_ease, class_difficulty, assignment_load, attendance_strictness, satisfaction, recommendation, created_at, body_main) VALUES ('335562be-4813-4cf3-bc0f-3e25e339e0a6', '00000000-0000-0000-0000-000000000002', '11111111-bbbb-aaaa-aaaa-000000000004', '法学部', '法律学科', 2, NULL, 2022, 's1', 2, 'elective', 3, 3, 3, 3, 3, 3, 3, 3, NOW(), '悪くはないが特別良い点もない。単位目的なら問題ない印象。');
INSERT INTO course_reviews (id, user_id, subject_id, faculty, department, grade_at_take, teacher_names, academic_year, term, credits_at_take, requirement_type_at_take, performance_self, assignment_difficulty_4, credit_ease, class_difficulty, assignment_load, attendance_strictness, satisfaction, recommendation, created_at, body_main) VALUES ('3a6016a3-82b5-46bf-bffe-7ac07459895f', '00000000-0000-0000-0000-000000000002', '11111111-bbbb-aaaa-aaaa-000000000004', '法学部', '法律学科', 3, NULL, 2022, 's2', 2, 'elective', 4, 2, 5, 2, 2, 2, 5, 5, NOW(), '資料が整理されていて復習しやすい。内容も実践的で学びが多かった。');
INSERT INTO course_reviews (id, user_id, subject_id, faculty, department, grade_at_take, teacher_names, academic_year, term, credits_at_take, requirement_type_at_take, performance_self, assignment_difficulty_4, credit_ease, class_difficulty, assignment_load, attendance_strictness, satisfaction, recommendation, created_at, body_main) VALUES ('78a0e655-3d5a-4487-b0be-20c7ec5565bc', '00000000-0000-0000-0000-000000000002', '11111111-bbbb-aaaa-aaaa-000000000004', '法学部', '法律学科', 4, ARRAY['鈴木 一郎'], 2023, 's1', 2, 'elective', 1, 4, 1, 5, 5, 4, 1, 1, NOW(), '内容は面白いはずなのに運営が雑で、受講後に疲れだけが残った。');
INSERT INTO course_reviews (id, user_id, subject_id, faculty, department, grade_at_take, teacher_names, academic_year, term, credits_at_take, requirement_type_at_take, performance_self, assignment_difficulty_4, credit_ease, class_difficulty, assignment_load, attendance_strictness, satisfaction, recommendation, created_at, body_main) VALUES ('5dfb4881-dd67-45c2-9207-9f2ee238e911', '00000000-0000-0000-0000-000000000002', '11111111-bbbb-aaaa-aaaa-000000000004', '法学部', '法律学科', 5, NULL, 2023, 's2', 2, 'elective', 3, 3, 3, 3, 3, 3, 3, 3, NOW(), '内容は標準的で可もなく不可もなし。資料は整っていて履修はしやすい。');
INSERT INTO course_reviews (id, user_id, subject_id, faculty, department, grade_at_take, teacher_names, academic_year, term, credits_at_take, requirement_type_at_take, performance_self, assignment_difficulty_4, credit_ease, class_difficulty, assignment_load, attendance_strictness, satisfaction, recommendation, created_at, body_main) VALUES ('dfa42bc8-52c6-4bc7-9505-4fe43e82a61b', '00000000-0000-0000-0000-000000000002', '11111111-bbbb-aaaa-aaaa-000000000004', '法学部', '法律学科', 6, NULL, 2024, 's1', 2, 'elective', 3, 3, 3, 3, 3, 3, 3, 3, NOW(), '授業は淡々と進むが、基礎は押さえられる。忙しい学期でも無理なく受講可能。');
INSERT INTO course_reviews (id, user_id, subject_id, faculty, department, grade_at_take, teacher_names, academic_year, term, credits_at_take, requirement_type_at_take, performance_self, assignment_difficulty_4, credit_ease, class_difficulty, assignment_load, attendance_strictness, satisfaction, recommendation, created_at, body_main) VALUES ('3f2573dc-c1af-4877-b7f9-7dc5cd054ea0', '00000000-0000-0000-0000-000000000002', '11111111-bbbb-aaaa-aaaa-000000000004', '法学部', '法律学科', 1, ARRAY['小林 美咲'], 2024, 's2', 2, 'elective', 4, 2, 5, 2, 2, 2, 5, 5, NOW(), '先生の進行が上手く、要点が整理されている。試験も素直で取り組みやすい。');
INSERT INTO course_reviews (id, user_id, subject_id, faculty, department, grade_at_take, teacher_names, academic_year, term, credits_at_take, requirement_type_at_take, performance_self, assignment_difficulty_4, credit_ease, class_difficulty, assignment_load, attendance_strictness, satisfaction, recommendation, created_at, body_main) VALUES ('90eb9a2d-3a1b-4161-b300-5f7bc2ac3487', '00000000-0000-0000-0000-000000000002', '11111111-bbbb-aaaa-aaaa-000000000004', '法学部', '法律学科', 2, NULL, 2025, 's1', 2, 'elective', 1, 4, 1, 5, 5, 4, 1, 1, NOW(), '板書が読みにくく、質問もしづらかった。結局自習に頼ることが多い。');
INSERT INTO course_reviews (id, user_id, subject_id, faculty, department, grade_at_take, teacher_names, academic_year, term, credits_at_take, requirement_type_at_take, performance_self, assignment_difficulty_4, credit_ease, class_difficulty, assignment_load, attendance_strictness, satisfaction, recommendation, created_at, body_main) VALUES ('bf3d0ebd-7b70-4a28-a069-755e1bb666b5', '00000000-0000-0000-0000-000000000002', '11111111-bbbb-aaaa-aaaa-000000000004', '法学部', '法律学科', 3, ARRAY['鈴木 一郎'], 2025, 's2', 2, 'elective', 3, 3, 3, 3, 3, 3, 3, 3, NOW(), '平均的な内容で、出席や課題の負担もほどほど。無理なく受けられた。');
INSERT INTO course_reviews (id, user_id, subject_id, faculty, department, grade_at_take, teacher_names, academic_year, term, credits_at_take, requirement_type_at_take, performance_self, assignment_difficulty_4, credit_ease, class_difficulty, assignment_load, attendance_strictness, satisfaction, recommendation, created_at, body_main) VALUES ('8008dd3d-dd39-44c4-b353-63ef8dab11a1', '00000000-0000-0000-0000-000000000001', '11111111-bbbb-aaaa-aaaa-000000000005', '工学部', '情報工学科', 4, NULL, 2021, 's1', 2, 'elective', 4, 2, 5, 2, 2, 2, 5, 5, NOW(), '講義の流れが分かりやすく、演習も役立った。成績評価が明快で安心感がある。');
INSERT INTO course_reviews (id, user_id, subject_id, faculty, department, grade_at_take, teacher_names, academic_year, term, credits_at_take, requirement_type_at_take, performance_self, assignment_difficulty_4, credit_ease, class_difficulty, assignment_load, attendance_strictness, satisfaction, recommendation, created_at, body_main) VALUES ('b38ac90f-6ec3-40ba-9aeb-32e53d4498f4', '00000000-0000-0000-0000-000000000001', '11111111-bbbb-aaaa-aaaa-000000000005', '工学部', '情報工学科', 5, ARRAY['田中 真由'], 2021, 's2', 2, 'elective', 1, 4, 1, 5, 5, 4, 1, 1, NOW(), '進行が早くフォローが少ない。レポートが多く、負担の割に学びが薄い。');
INSERT INTO course_reviews (id, user_id, subject_id, faculty, department, grade_at_take, teacher_names, academic_year, term, credits_at_take, requirement_type_at_take, performance_self, assignment_difficulty_4, credit_ease, class_difficulty, assignment_load, attendance_strictness, satisfaction, recommendation, created_at, body_main) VALUES ('9d8e56fa-2244-4b82-a5cc-1ce0b6316ecb', '00000000-0000-0000-0000-000000000001', '11111111-bbbb-aaaa-aaaa-000000000005', '工学部', '情報工学科', 6, NULL, 2022, 's1', 2, 'elective', 3, 3, 3, 3, 3, 3, 3, 3, NOW(), '悪くはないが特別良い点もない。単位目的なら問題ない印象。');
INSERT INTO course_reviews (id, user_id, subject_id, faculty, department, grade_at_take, teacher_names, academic_year, term, credits_at_take, requirement_type_at_take, performance_self, assignment_difficulty_4, credit_ease, class_difficulty, assignment_load, attendance_strictness, satisfaction, recommendation, created_at, body_main) VALUES ('714abdf6-f49e-4b90-ae6a-8f012cf50079', '00000000-0000-0000-0000-000000000001', '11111111-bbbb-aaaa-aaaa-000000000005', '工学部', '情報工学科', 1, NULL, 2022, 's2', 2, 'elective', 4, 2, 5, 2, 2, 2, 5, 5, NOW(), '資料が整理されていて復習しやすい。内容も実践的で学びが多かった。');
INSERT INTO course_reviews (id, user_id, subject_id, faculty, department, grade_at_take, teacher_names, academic_year, term, credits_at_take, requirement_type_at_take, performance_self, assignment_difficulty_4, credit_ease, class_difficulty, assignment_load, attendance_strictness, satisfaction, recommendation, created_at, body_main) VALUES ('ec0ec02f-2e06-4347-af57-29fb7bc2c804', '00000000-0000-0000-0000-000000000001', '11111111-bbbb-aaaa-aaaa-000000000005', '工学部', '情報工学科', 2, ARRAY['山田 太郎'], 2023, 's1', 2, 'elective', 1, 4, 1, 5, 5, 4, 1, 1, NOW(), '内容は面白いはずなのに運営が雑で、受講後に疲れだけが残った。');
INSERT INTO course_reviews (id, user_id, subject_id, faculty, department, grade_at_take, teacher_names, academic_year, term, credits_at_take, requirement_type_at_take, performance_self, assignment_difficulty_4, credit_ease, class_difficulty, assignment_load, attendance_strictness, satisfaction, recommendation, created_at, body_main) VALUES ('be34f69c-73ff-4822-b529-17e260bc8f7b', '00000000-0000-0000-0000-000000000001', '11111111-bbbb-aaaa-aaaa-000000000005', '工学部', '情報工学科', 3, NULL, 2023, 's2', 2, 'elective', 3, 3, 3, 3, 3, 3, 3, 3, NOW(), '内容は標準的で可もなく不可もなし。資料は整っていて履修はしやすい。');
INSERT INTO course_reviews (id, user_id, subject_id, faculty, department, grade_at_take, teacher_names, academic_year, term, credits_at_take, requirement_type_at_take, performance_self, assignment_difficulty_4, credit_ease, class_difficulty, assignment_load, attendance_strictness, satisfaction, recommendation, created_at, body_main) VALUES ('df0fab45-4db3-4645-a35b-7f3a6554c644', '00000000-0000-0000-0000-000000000001', '11111111-bbbb-aaaa-aaaa-000000000005', '工学部', '情報工学科', 4, NULL, 2024, 's1', 2, 'elective', 3, 3, 3, 3, 3, 3, 3, 3, NOW(), '授業は淡々と進むが、基礎は押さえられる。忙しい学期でも無理なく受講可能。');
INSERT INTO course_reviews (id, user_id, subject_id, faculty, department, grade_at_take, teacher_names, academic_year, term, credits_at_take, requirement_type_at_take, performance_self, assignment_difficulty_4, credit_ease, class_difficulty, assignment_load, attendance_strictness, satisfaction, recommendation, created_at, body_main) VALUES ('c57af76c-3be0-4c5a-bbe3-fc145cb3ddaa', '00000000-0000-0000-0000-000000000001', '11111111-bbbb-aaaa-aaaa-000000000005', '工学部', '情報工学科', 5, ARRAY['田中 真由'], 2024, 's2', 2, 'elective', 4, 2, 5, 2, 2, 2, 5, 5, NOW(), '先生の進行が上手く、要点が整理されている。試験も素直で取り組みやすい。');
INSERT INTO course_reviews (id, user_id, subject_id, faculty, department, grade_at_take, teacher_names, academic_year, term, credits_at_take, requirement_type_at_take, performance_self, assignment_difficulty_4, credit_ease, class_difficulty, assignment_load, attendance_strictness, satisfaction, recommendation, created_at, body_main) VALUES ('1c6d9de9-26df-4777-bac7-1bb59c60808d', '00000000-0000-0000-0000-000000000001', '11111111-bbbb-aaaa-aaaa-000000000005', '工学部', '情報工学科', 6, NULL, 2025, 's1', 2, 'elective', 1, 4, 1, 5, 5, 4, 1, 1, NOW(), '板書が読みにくく、質問もしづらかった。結局自習に頼ることが多い。');
INSERT INTO course_reviews (id, user_id, subject_id, faculty, department, grade_at_take, teacher_names, academic_year, term, credits_at_take, requirement_type_at_take, performance_self, assignment_difficulty_4, credit_ease, class_difficulty, assignment_load, attendance_strictness, satisfaction, recommendation, created_at, body_main) VALUES ('5a10c57e-8f62-4fec-aaa2-ccb70bf2ddc0', '00000000-0000-0000-0000-000000000001', '11111111-bbbb-aaaa-aaaa-000000000005', '工学部', '情報工学科', 1, NULL, 2025, 's2', 2, 'elective', 3, 3, 3, 3, 3, 3, 3, 3, NOW(), '平均的な内容で、出席や課題の負担もほどほど。無理なく受けられた。');
INSERT INTO course_reviews (id, user_id, subject_id, faculty, department, grade_at_take, teacher_names, academic_year, term, credits_at_take, requirement_type_at_take, performance_self, assignment_difficulty_4, credit_ease, class_difficulty, assignment_load, attendance_strictness, satisfaction, recommendation, created_at, body_main) VALUES ('85ca7bbb-6e33-47b0-b149-bcfb76411ee9', '00000000-0000-0000-0000-000000000002', '11111111-bbbb-aaaa-aaaa-000000000005', '工学部', '情報工学科', 2, NULL, 2021, 's1', 2, 'elective', 4, 2, 5, 2, 2, 2, 5, 5, NOW(), '講義の流れが分かりやすく、演習も役立った。成績評価が明快で安心感がある。');
INSERT INTO course_reviews (id, user_id, subject_id, faculty, department, grade_at_take, teacher_names, academic_year, term, credits_at_take, requirement_type_at_take, performance_self, assignment_difficulty_4, credit_ease, class_difficulty, assignment_load, attendance_strictness, satisfaction, recommendation, created_at, body_main) VALUES ('efb2526a-bbd1-47a3-94e3-89bb9bb3a5c2', '00000000-0000-0000-0000-000000000002', '11111111-bbbb-aaaa-aaaa-000000000005', '工学部', '情報工学科', 3, ARRAY['佐藤 花子'], 2021, 's2', 2, 'elective', 1, 4, 1, 5, 5, 4, 1, 1, NOW(), '進行が早くフォローが少ない。レポートが多く、負担の割に学びが薄い。');
INSERT INTO course_reviews (id, user_id, subject_id, faculty, department, grade_at_take, teacher_names, academic_year, term, credits_at_take, requirement_type_at_take, performance_self, assignment_difficulty_4, credit_ease, class_difficulty, assignment_load, attendance_strictness, satisfaction, recommendation, created_at, body_main) VALUES ('857ee41d-9bee-47d8-966c-deed230c542d', '00000000-0000-0000-0000-000000000002', '11111111-bbbb-aaaa-aaaa-000000000005', '工学部', '情報工学科', 4, NULL, 2022, 's1', 2, 'elective', 3, 3, 3, 3, 3, 3, 3, 3, NOW(), '悪くはないが特別良い点もない。単位目的なら問題ない印象。');
INSERT INTO course_reviews (id, user_id, subject_id, faculty, department, grade_at_take, teacher_names, academic_year, term, credits_at_take, requirement_type_at_take, performance_self, assignment_difficulty_4, credit_ease, class_difficulty, assignment_load, attendance_strictness, satisfaction, recommendation, created_at, body_main) VALUES ('497701e5-7676-4d0a-b0b2-14d896c0e316', '00000000-0000-0000-0000-000000000002', '11111111-bbbb-aaaa-aaaa-000000000005', '工学部', '情報工学科', 5, NULL, 2022, 's2', 2, 'elective', 4, 2, 5, 2, 2, 2, 5, 5, NOW(), '資料が整理されていて復習しやすい。内容も実践的で学びが多かった。');
INSERT INTO course_reviews (id, user_id, subject_id, faculty, department, grade_at_take, teacher_names, academic_year, term, credits_at_take, requirement_type_at_take, performance_self, assignment_difficulty_4, credit_ease, class_difficulty, assignment_load, attendance_strictness, satisfaction, recommendation, created_at, body_main) VALUES ('73992b66-0aac-4047-b177-fadafadf037d', '00000000-0000-0000-0000-000000000002', '11111111-bbbb-aaaa-aaaa-000000000005', '工学部', '情報工学科', 6, ARRAY['高橋 健'], 2023, 's1', 2, 'elective', 1, 4, 1, 5, 5, 4, 1, 1, NOW(), '内容は面白いはずなのに運営が雑で、受講後に疲れだけが残った。');
INSERT INTO course_reviews (id, user_id, subject_id, faculty, department, grade_at_take, teacher_names, academic_year, term, credits_at_take, requirement_type_at_take, performance_self, assignment_difficulty_4, credit_ease, class_difficulty, assignment_load, attendance_strictness, satisfaction, recommendation, created_at, body_main) VALUES ('c432b911-31aa-4b48-bfcb-81c8e9343fff', '00000000-0000-0000-0000-000000000002', '11111111-bbbb-aaaa-aaaa-000000000005', '工学部', '情報工学科', 1, NULL, 2023, 's2', 2, 'elective', 3, 3, 3, 3, 3, 3, 3, 3, NOW(), '内容は標準的で可もなく不可もなし。資料は整っていて履修はしやすい。');
INSERT INTO course_reviews (id, user_id, subject_id, faculty, department, grade_at_take, teacher_names, academic_year, term, credits_at_take, requirement_type_at_take, performance_self, assignment_difficulty_4, credit_ease, class_difficulty, assignment_load, attendance_strictness, satisfaction, recommendation, created_at, body_main) VALUES ('e2b6e117-07dc-470f-8052-2ba5b46917b5', '00000000-0000-0000-0000-000000000002', '11111111-bbbb-aaaa-aaaa-000000000005', '工学部', '情報工学科', 2, NULL, 2024, 's1', 2, 'elective', 3, 3, 3, 3, 3, 3, 3, 3, NOW(), '授業は淡々と進むが、基礎は押さえられる。忙しい学期でも無理なく受講可能。');
INSERT INTO course_reviews (id, user_id, subject_id, faculty, department, grade_at_take, teacher_names, academic_year, term, credits_at_take, requirement_type_at_take, performance_self, assignment_difficulty_4, credit_ease, class_difficulty, assignment_load, attendance_strictness, satisfaction, recommendation, created_at, body_main) VALUES ('ccf994fe-e8ae-4c42-b3ef-4b7a084382ee', '00000000-0000-0000-0000-000000000002', '11111111-bbbb-aaaa-aaaa-000000000005', '工学部', '情報工学科', 3, ARRAY['佐藤 花子'], 2024, 's2', 2, 'elective', 4, 2, 5, 2, 2, 2, 5, 5, NOW(), '先生の進行が上手く、要点が整理されている。試験も素直で取り組みやすい。');
INSERT INTO course_reviews (id, user_id, subject_id, faculty, department, grade_at_take, teacher_names, academic_year, term, credits_at_take, requirement_type_at_take, performance_self, assignment_difficulty_4, credit_ease, class_difficulty, assignment_load, attendance_strictness, satisfaction, recommendation, created_at, body_main) VALUES ('d52f421d-a494-4ba5-956e-b5ee9ad47b9e', '00000000-0000-0000-0000-000000000002', '11111111-bbbb-aaaa-aaaa-000000000005', '工学部', '情報工学科', 4, NULL, 2025, 's1', 2, 'elective', 1, 4, 1, 5, 5, 4, 1, 1, NOW(), '板書が読みにくく、質問もしづらかった。結局自習に頼ることが多い。');
INSERT INTO course_reviews (id, user_id, subject_id, faculty, department, grade_at_take, teacher_names, academic_year, term, credits_at_take, requirement_type_at_take, performance_self, assignment_difficulty_4, credit_ease, class_difficulty, assignment_load, attendance_strictness, satisfaction, recommendation, created_at, body_main) VALUES ('ec335db4-9372-4684-9ef8-17840b6160a5', '00000000-0000-0000-0000-000000000002', '11111111-bbbb-aaaa-aaaa-000000000005', '工学部', '情報工学科', 5, ARRAY['高橋 健'], 2025, 's2', 2, 'elective', 3, 3, 3, 3, 3, 3, 3, 3, NOW(), '平均的な内容で、出席や課題の負担もほどほど。無理なく受けられた。');

-- embedding_jobs（100件）
INSERT INTO embedding_jobs (review_id, status, attempt_count, last_error, locked_at, locked_by, created_at, updated_at) VALUES ('431bd58b-1805-48a9-9af9-f1e24667988c', 'queued', 0, NULL, NULL, NULL, NOW(), NOW());
INSERT INTO embedding_jobs (review_id, status, attempt_count, last_error, locked_at, locked_by, created_at, updated_at) VALUES ('4e8598b1-cc82-42a2-897c-9b99227e8df0', 'queued', 0, NULL, NULL, NULL, NOW(), NOW());
INSERT INTO embedding_jobs (review_id, status, attempt_count, last_error, locked_at, locked_by, created_at, updated_at) VALUES ('d2bddc5b-1c9d-4975-92e6-648b068ff74d', 'queued', 0, NULL, NULL, NULL, NOW(), NOW());
INSERT INTO embedding_jobs (review_id, status, attempt_count, last_error, locked_at, locked_by, created_at, updated_at) VALUES ('ab2582df-21b5-4b29-8f9b-f37e42d93ba8', 'queued', 0, NULL, NULL, NULL, NOW(), NOW());
INSERT INTO embedding_jobs (review_id, status, attempt_count, last_error, locked_at, locked_by, created_at, updated_at) VALUES ('2e3ae8b9-c0be-4fd2-b85c-919cb3f9dc2c', 'queued', 0, NULL, NULL, NULL, NOW(), NOW());
INSERT INTO embedding_jobs (review_id, status, attempt_count, last_error, locked_at, locked_by, created_at, updated_at) VALUES ('4423ec2c-7772-46ee-9cfc-620ae9d6ff63', 'queued', 0, NULL, NULL, NULL, NOW(), NOW());
INSERT INTO embedding_jobs (review_id, status, attempt_count, last_error, locked_at, locked_by, created_at, updated_at) VALUES ('a5a76f16-0e9d-495b-8bbd-653f32f59361', 'queued', 0, NULL, NULL, NULL, NOW(), NOW());
INSERT INTO embedding_jobs (review_id, status, attempt_count, last_error, locked_at, locked_by, created_at, updated_at) VALUES ('81bd82f6-6bdb-46b1-a816-e4094dd25195', 'queued', 0, NULL, NULL, NULL, NOW(), NOW());
INSERT INTO embedding_jobs (review_id, status, attempt_count, last_error, locked_at, locked_by, created_at, updated_at) VALUES ('673743bd-e54f-4dfd-8dbc-4b2371767fb8', 'queued', 0, NULL, NULL, NULL, NOW(), NOW());
INSERT INTO embedding_jobs (review_id, status, attempt_count, last_error, locked_at, locked_by, created_at, updated_at) VALUES ('28b71fea-b069-487d-8b3f-3e62cbeca3fd', 'queued', 0, NULL, NULL, NULL, NOW(), NOW());
INSERT INTO embedding_jobs (review_id, status, attempt_count, last_error, locked_at, locked_by, created_at, updated_at) VALUES ('7c67ffd5-0201-4b95-95a5-542cc1d5f856', 'queued', 0, NULL, NULL, NULL, NOW(), NOW());
INSERT INTO embedding_jobs (review_id, status, attempt_count, last_error, locked_at, locked_by, created_at, updated_at) VALUES ('256ac8fb-f960-4d32-a995-4ab1b8a8a0a0', 'queued', 0, NULL, NULL, NULL, NOW(), NOW());
INSERT INTO embedding_jobs (review_id, status, attempt_count, last_error, locked_at, locked_by, created_at, updated_at) VALUES ('063fb09b-139a-4ad9-8599-2f3cee50ecff', 'queued', 0, NULL, NULL, NULL, NOW(), NOW());
INSERT INTO embedding_jobs (review_id, status, attempt_count, last_error, locked_at, locked_by, created_at, updated_at) VALUES ('9e132829-1b06-4660-8c13-3018b8e1775e', 'queued', 0, NULL, NULL, NULL, NOW(), NOW());
INSERT INTO embedding_jobs (review_id, status, attempt_count, last_error, locked_at, locked_by, created_at, updated_at) VALUES ('4db3a33b-dff8-47f6-a6ad-a74e50f5893b', 'queued', 0, NULL, NULL, NULL, NOW(), NOW());
INSERT INTO embedding_jobs (review_id, status, attempt_count, last_error, locked_at, locked_by, created_at, updated_at) VALUES ('646011f5-1955-46c9-953b-797be2c6ddfc', 'queued', 0, NULL, NULL, NULL, NOW(), NOW());
INSERT INTO embedding_jobs (review_id, status, attempt_count, last_error, locked_at, locked_by, created_at, updated_at) VALUES ('dd144d83-ae06-4829-903c-966484b92738', 'queued', 0, NULL, NULL, NULL, NOW(), NOW());
INSERT INTO embedding_jobs (review_id, status, attempt_count, last_error, locked_at, locked_by, created_at, updated_at) VALUES ('3feb6e91-df20-4411-af4a-b76e1fb13e2e', 'queued', 0, NULL, NULL, NULL, NOW(), NOW());
INSERT INTO embedding_jobs (review_id, status, attempt_count, last_error, locked_at, locked_by, created_at, updated_at) VALUES ('974816c3-e81b-446a-8c7f-4fc23fb65527', 'queued', 0, NULL, NULL, NULL, NOW(), NOW());
INSERT INTO embedding_jobs (review_id, status, attempt_count, last_error, locked_at, locked_by, created_at, updated_at) VALUES ('3bfc06e0-72c4-4638-8b5d-776d718df0c3', 'queued', 0, NULL, NULL, NULL, NOW(), NOW());
INSERT INTO embedding_jobs (review_id, status, attempt_count, last_error, locked_at, locked_by, created_at, updated_at) VALUES ('37289f94-b4c9-464c-ad90-677e454a6168', 'queued', 0, NULL, NULL, NULL, NOW(), NOW());
INSERT INTO embedding_jobs (review_id, status, attempt_count, last_error, locked_at, locked_by, created_at, updated_at) VALUES ('c47b7fe9-ae2c-4e2c-a298-a7c15574e705', 'queued', 0, NULL, NULL, NULL, NOW(), NOW());
INSERT INTO embedding_jobs (review_id, status, attempt_count, last_error, locked_at, locked_by, created_at, updated_at) VALUES ('936d9744-fad1-4dd5-a35e-371805bd4bd3', 'queued', 0, NULL, NULL, NULL, NOW(), NOW());
INSERT INTO embedding_jobs (review_id, status, attempt_count, last_error, locked_at, locked_by, created_at, updated_at) VALUES ('04118654-b8e5-4fb7-a428-888f9f9aaef3', 'queued', 0, NULL, NULL, NULL, NOW(), NOW());
INSERT INTO embedding_jobs (review_id, status, attempt_count, last_error, locked_at, locked_by, created_at, updated_at) VALUES ('b8743c53-3fd4-488d-84bf-500bbacaca72', 'queued', 0, NULL, NULL, NULL, NOW(), NOW());
INSERT INTO embedding_jobs (review_id, status, attempt_count, last_error, locked_at, locked_by, created_at, updated_at) VALUES ('bcf9b933-f763-4b9f-80c5-751db1dc035c', 'queued', 0, NULL, NULL, NULL, NOW(), NOW());
INSERT INTO embedding_jobs (review_id, status, attempt_count, last_error, locked_at, locked_by, created_at, updated_at) VALUES ('f5c050d6-cf90-4376-bdb1-a10e8506fb71', 'queued', 0, NULL, NULL, NULL, NOW(), NOW());
INSERT INTO embedding_jobs (review_id, status, attempt_count, last_error, locked_at, locked_by, created_at, updated_at) VALUES ('744ae835-d833-4880-b519-b295e8db344d', 'queued', 0, NULL, NULL, NULL, NOW(), NOW());
INSERT INTO embedding_jobs (review_id, status, attempt_count, last_error, locked_at, locked_by, created_at, updated_at) VALUES ('96d779f9-c15e-4e56-85c6-2fd1e61c2c41', 'queued', 0, NULL, NULL, NULL, NOW(), NOW());
INSERT INTO embedding_jobs (review_id, status, attempt_count, last_error, locked_at, locked_by, created_at, updated_at) VALUES ('a6533bfd-4a5f-4ce9-8dc8-dfb35f428c44', 'queued', 0, NULL, NULL, NULL, NOW(), NOW());
INSERT INTO embedding_jobs (review_id, status, attempt_count, last_error, locked_at, locked_by, created_at, updated_at) VALUES ('ec7390c4-7d52-4019-a66c-c73b51aac4be', 'queued', 0, NULL, NULL, NULL, NOW(), NOW());
INSERT INTO embedding_jobs (review_id, status, attempt_count, last_error, locked_at, locked_by, created_at, updated_at) VALUES ('394b9398-559e-4096-b75f-18e822673372', 'queued', 0, NULL, NULL, NULL, NOW(), NOW());
INSERT INTO embedding_jobs (review_id, status, attempt_count, last_error, locked_at, locked_by, created_at, updated_at) VALUES ('091a632f-76d1-44e2-b82b-94e37a6f317e', 'queued', 0, NULL, NULL, NULL, NOW(), NOW());
INSERT INTO embedding_jobs (review_id, status, attempt_count, last_error, locked_at, locked_by, created_at, updated_at) VALUES ('48dc4de7-81b1-42b9-8f53-6379b2c6aead', 'queued', 0, NULL, NULL, NULL, NOW(), NOW());
INSERT INTO embedding_jobs (review_id, status, attempt_count, last_error, locked_at, locked_by, created_at, updated_at) VALUES ('a8c6125f-155c-49f8-bc45-02b5465bf054', 'queued', 0, NULL, NULL, NULL, NOW(), NOW());
INSERT INTO embedding_jobs (review_id, status, attempt_count, last_error, locked_at, locked_by, created_at, updated_at) VALUES ('7720263a-34c1-40e7-9c19-b674d8fa93e5', 'queued', 0, NULL, NULL, NULL, NOW(), NOW());
INSERT INTO embedding_jobs (review_id, status, attempt_count, last_error, locked_at, locked_by, created_at, updated_at) VALUES ('2e0d34c4-c060-4383-b347-4d4423c40891', 'queued', 0, NULL, NULL, NULL, NOW(), NOW());
INSERT INTO embedding_jobs (review_id, status, attempt_count, last_error, locked_at, locked_by, created_at, updated_at) VALUES ('2835064b-cf10-4527-a6bc-ecc226e366cb', 'queued', 0, NULL, NULL, NULL, NOW(), NOW());
INSERT INTO embedding_jobs (review_id, status, attempt_count, last_error, locked_at, locked_by, created_at, updated_at) VALUES ('5b872088-0647-4e27-8594-d2e7074c8423', 'queued', 0, NULL, NULL, NULL, NOW(), NOW());
INSERT INTO embedding_jobs (review_id, status, attempt_count, last_error, locked_at, locked_by, created_at, updated_at) VALUES ('322322aa-db87-4321-80e3-a323d66bf4a4', 'queued', 0, NULL, NULL, NULL, NOW(), NOW());
INSERT INTO embedding_jobs (review_id, status, attempt_count, last_error, locked_at, locked_by, created_at, updated_at) VALUES ('db7f681e-c2b6-487a-a1b2-ca4a9fbd4748', 'queued', 0, NULL, NULL, NULL, NOW(), NOW());
INSERT INTO embedding_jobs (review_id, status, attempt_count, last_error, locked_at, locked_by, created_at, updated_at) VALUES ('83bdfd41-b9b0-46c6-adc0-db200b5efdc5', 'queued', 0, NULL, NULL, NULL, NOW(), NOW());
INSERT INTO embedding_jobs (review_id, status, attempt_count, last_error, locked_at, locked_by, created_at, updated_at) VALUES ('9ae57ff0-50fe-43fe-9164-c10929927f19', 'queued', 0, NULL, NULL, NULL, NOW(), NOW());
INSERT INTO embedding_jobs (review_id, status, attempt_count, last_error, locked_at, locked_by, created_at, updated_at) VALUES ('eec86bd1-cbae-4d46-b0dd-25a63cf3ea4d', 'queued', 0, NULL, NULL, NULL, NOW(), NOW());
INSERT INTO embedding_jobs (review_id, status, attempt_count, last_error, locked_at, locked_by, created_at, updated_at) VALUES ('ea8a437e-f3c4-40e1-9146-a9863e9efea3', 'queued', 0, NULL, NULL, NULL, NOW(), NOW());
INSERT INTO embedding_jobs (review_id, status, attempt_count, last_error, locked_at, locked_by, created_at, updated_at) VALUES ('f4becc70-015b-4408-af6f-47a23f16dc31', 'queued', 0, NULL, NULL, NULL, NOW(), NOW());
INSERT INTO embedding_jobs (review_id, status, attempt_count, last_error, locked_at, locked_by, created_at, updated_at) VALUES ('305d1359-0c31-441b-a653-b5ac0c4276f1', 'queued', 0, NULL, NULL, NULL, NOW(), NOW());
INSERT INTO embedding_jobs (review_id, status, attempt_count, last_error, locked_at, locked_by, created_at, updated_at) VALUES ('75cf99d8-7d16-46e7-9f41-cee2723a0ec6', 'queued', 0, NULL, NULL, NULL, NOW(), NOW());
INSERT INTO embedding_jobs (review_id, status, attempt_count, last_error, locked_at, locked_by, created_at, updated_at) VALUES ('2a537af9-3c97-4e83-8e3e-2a6c7c255edd', 'queued', 0, NULL, NULL, NULL, NOW(), NOW());
INSERT INTO embedding_jobs (review_id, status, attempt_count, last_error, locked_at, locked_by, created_at, updated_at) VALUES ('d4afcba9-5018-41b7-8feb-60bbe386cfb8', 'queued', 0, NULL, NULL, NULL, NOW(), NOW());
INSERT INTO embedding_jobs (review_id, status, attempt_count, last_error, locked_at, locked_by, created_at, updated_at) VALUES ('6141a872-cdc9-46eb-957b-b6b023f90565', 'queued', 0, NULL, NULL, NULL, NOW(), NOW());
INSERT INTO embedding_jobs (review_id, status, attempt_count, last_error, locked_at, locked_by, created_at, updated_at) VALUES ('67611995-36d3-4998-a815-538d80bf937b', 'queued', 0, NULL, NULL, NULL, NOW(), NOW());
INSERT INTO embedding_jobs (review_id, status, attempt_count, last_error, locked_at, locked_by, created_at, updated_at) VALUES ('71f95c39-bc3e-468b-a351-6043505aacd7', 'queued', 0, NULL, NULL, NULL, NOW(), NOW());
INSERT INTO embedding_jobs (review_id, status, attempt_count, last_error, locked_at, locked_by, created_at, updated_at) VALUES ('5a07824d-0283-4938-88a8-cfadbed03747', 'queued', 0, NULL, NULL, NULL, NOW(), NOW());
INSERT INTO embedding_jobs (review_id, status, attempt_count, last_error, locked_at, locked_by, created_at, updated_at) VALUES ('07c49c12-7026-4145-b005-2e1829b1f77a', 'queued', 0, NULL, NULL, NULL, NOW(), NOW());
INSERT INTO embedding_jobs (review_id, status, attempt_count, last_error, locked_at, locked_by, created_at, updated_at) VALUES ('4d204ff7-8e99-47c9-9200-b87671406c01', 'queued', 0, NULL, NULL, NULL, NOW(), NOW());
INSERT INTO embedding_jobs (review_id, status, attempt_count, last_error, locked_at, locked_by, created_at, updated_at) VALUES ('5d61e39c-0c9d-4743-9a9c-d93a6ab3bb6d', 'queued', 0, NULL, NULL, NULL, NOW(), NOW());
INSERT INTO embedding_jobs (review_id, status, attempt_count, last_error, locked_at, locked_by, created_at, updated_at) VALUES ('9bf7a490-1a28-465a-8ec7-ca2bd3ef1764', 'queued', 0, NULL, NULL, NULL, NOW(), NOW());
INSERT INTO embedding_jobs (review_id, status, attempt_count, last_error, locked_at, locked_by, created_at, updated_at) VALUES ('6d83f8d5-71b0-46ca-ace3-d078b1ce88ab', 'queued', 0, NULL, NULL, NULL, NOW(), NOW());
INSERT INTO embedding_jobs (review_id, status, attempt_count, last_error, locked_at, locked_by, created_at, updated_at) VALUES ('944bd203-3a7d-4c67-8182-7ce5716ae978', 'queued', 0, NULL, NULL, NULL, NOW(), NOW());
INSERT INTO embedding_jobs (review_id, status, attempt_count, last_error, locked_at, locked_by, created_at, updated_at) VALUES ('24135067-b7ec-4013-8989-78efaf3e81fa', 'queued', 0, NULL, NULL, NULL, NOW(), NOW());
INSERT INTO embedding_jobs (review_id, status, attempt_count, last_error, locked_at, locked_by, created_at, updated_at) VALUES ('a99d1343-ab95-4958-b4ba-57886d6d687e', 'queued', 0, NULL, NULL, NULL, NOW(), NOW());
INSERT INTO embedding_jobs (review_id, status, attempt_count, last_error, locked_at, locked_by, created_at, updated_at) VALUES ('3f64a2e9-cfc7-4dd8-9cef-3f3d4412bf7a', 'queued', 0, NULL, NULL, NULL, NOW(), NOW());
INSERT INTO embedding_jobs (review_id, status, attempt_count, last_error, locked_at, locked_by, created_at, updated_at) VALUES ('2c7357fc-839d-4e0f-958b-4249abb6815c', 'queued', 0, NULL, NULL, NULL, NOW(), NOW());
INSERT INTO embedding_jobs (review_id, status, attempt_count, last_error, locked_at, locked_by, created_at, updated_at) VALUES ('c4963bc7-48f7-4c63-8982-3550719a0c19', 'queued', 0, NULL, NULL, NULL, NOW(), NOW());
INSERT INTO embedding_jobs (review_id, status, attempt_count, last_error, locked_at, locked_by, created_at, updated_at) VALUES ('5c33ccfb-73af-4741-83db-b1d7e6800918', 'queued', 0, NULL, NULL, NULL, NOW(), NOW());
INSERT INTO embedding_jobs (review_id, status, attempt_count, last_error, locked_at, locked_by, created_at, updated_at) VALUES ('aa89c632-b9cb-49f3-9d24-b639d1a571df', 'queued', 0, NULL, NULL, NULL, NOW(), NOW());
INSERT INTO embedding_jobs (review_id, status, attempt_count, last_error, locked_at, locked_by, created_at, updated_at) VALUES ('c4a58423-e27c-4b92-88e5-00ec15ac42b0', 'queued', 0, NULL, NULL, NULL, NOW(), NOW());
INSERT INTO embedding_jobs (review_id, status, attempt_count, last_error, locked_at, locked_by, created_at, updated_at) VALUES ('858a671d-3dc7-4859-80f0-cc32f6544b19', 'queued', 0, NULL, NULL, NULL, NOW(), NOW());
INSERT INTO embedding_jobs (review_id, status, attempt_count, last_error, locked_at, locked_by, created_at, updated_at) VALUES ('682c9f31-41a2-42ca-b07e-4e5a5a041379', 'queued', 0, NULL, NULL, NULL, NOW(), NOW());
INSERT INTO embedding_jobs (review_id, status, attempt_count, last_error, locked_at, locked_by, created_at, updated_at) VALUES ('2589afea-2e3c-42bb-9f8a-f65aa2d9425e', 'queued', 0, NULL, NULL, NULL, NOW(), NOW());
INSERT INTO embedding_jobs (review_id, status, attempt_count, last_error, locked_at, locked_by, created_at, updated_at) VALUES ('d863fda6-3ac9-4980-be84-eee46a1f3b28', 'queued', 0, NULL, NULL, NULL, NOW(), NOW());
INSERT INTO embedding_jobs (review_id, status, attempt_count, last_error, locked_at, locked_by, created_at, updated_at) VALUES ('335562be-4813-4cf3-bc0f-3e25e339e0a6', 'queued', 0, NULL, NULL, NULL, NOW(), NOW());
INSERT INTO embedding_jobs (review_id, status, attempt_count, last_error, locked_at, locked_by, created_at, updated_at) VALUES ('3a6016a3-82b5-46bf-bffe-7ac07459895f', 'queued', 0, NULL, NULL, NULL, NOW(), NOW());
INSERT INTO embedding_jobs (review_id, status, attempt_count, last_error, locked_at, locked_by, created_at, updated_at) VALUES ('78a0e655-3d5a-4487-b0be-20c7ec5565bc', 'queued', 0, NULL, NULL, NULL, NOW(), NOW());
INSERT INTO embedding_jobs (review_id, status, attempt_count, last_error, locked_at, locked_by, created_at, updated_at) VALUES ('5dfb4881-dd67-45c2-9207-9f2ee238e911', 'queued', 0, NULL, NULL, NULL, NOW(), NOW());
INSERT INTO embedding_jobs (review_id, status, attempt_count, last_error, locked_at, locked_by, created_at, updated_at) VALUES ('dfa42bc8-52c6-4bc7-9505-4fe43e82a61b', 'queued', 0, NULL, NULL, NULL, NOW(), NOW());
INSERT INTO embedding_jobs (review_id, status, attempt_count, last_error, locked_at, locked_by, created_at, updated_at) VALUES ('3f2573dc-c1af-4877-b7f9-7dc5cd054ea0', 'queued', 0, NULL, NULL, NULL, NOW(), NOW());
INSERT INTO embedding_jobs (review_id, status, attempt_count, last_error, locked_at, locked_by, created_at, updated_at) VALUES ('90eb9a2d-3a1b-4161-b300-5f7bc2ac3487', 'queued', 0, NULL, NULL, NULL, NOW(), NOW());
INSERT INTO embedding_jobs (review_id, status, attempt_count, last_error, locked_at, locked_by, created_at, updated_at) VALUES ('bf3d0ebd-7b70-4a28-a069-755e1bb666b5', 'queued', 0, NULL, NULL, NULL, NOW(), NOW());
INSERT INTO embedding_jobs (review_id, status, attempt_count, last_error, locked_at, locked_by, created_at, updated_at) VALUES ('8008dd3d-dd39-44c4-b353-63ef8dab11a1', 'queued', 0, NULL, NULL, NULL, NOW(), NOW());
INSERT INTO embedding_jobs (review_id, status, attempt_count, last_error, locked_at, locked_by, created_at, updated_at) VALUES ('b38ac90f-6ec3-40ba-9aeb-32e53d4498f4', 'queued', 0, NULL, NULL, NULL, NOW(), NOW());
INSERT INTO embedding_jobs (review_id, status, attempt_count, last_error, locked_at, locked_by, created_at, updated_at) VALUES ('9d8e56fa-2244-4b82-a5cc-1ce0b6316ecb', 'queued', 0, NULL, NULL, NULL, NOW(), NOW());
INSERT INTO embedding_jobs (review_id, status, attempt_count, last_error, locked_at, locked_by, created_at, updated_at) VALUES ('714abdf6-f49e-4b90-ae6a-8f012cf50079', 'queued', 0, NULL, NULL, NULL, NOW(), NOW());
INSERT INTO embedding_jobs (review_id, status, attempt_count, last_error, locked_at, locked_by, created_at, updated_at) VALUES ('ec0ec02f-2e06-4347-af57-29fb7bc2c804', 'queued', 0, NULL, NULL, NULL, NOW(), NOW());
INSERT INTO embedding_jobs (review_id, status, attempt_count, last_error, locked_at, locked_by, created_at, updated_at) VALUES ('be34f69c-73ff-4822-b529-17e260bc8f7b', 'queued', 0, NULL, NULL, NULL, NOW(), NOW());
INSERT INTO embedding_jobs (review_id, status, attempt_count, last_error, locked_at, locked_by, created_at, updated_at) VALUES ('df0fab45-4db3-4645-a35b-7f3a6554c644', 'queued', 0, NULL, NULL, NULL, NOW(), NOW());
INSERT INTO embedding_jobs (review_id, status, attempt_count, last_error, locked_at, locked_by, created_at, updated_at) VALUES ('c57af76c-3be0-4c5a-bbe3-fc145cb3ddaa', 'queued', 0, NULL, NULL, NULL, NOW(), NOW());
INSERT INTO embedding_jobs (review_id, status, attempt_count, last_error, locked_at, locked_by, created_at, updated_at) VALUES ('1c6d9de9-26df-4777-bac7-1bb59c60808d', 'queued', 0, NULL, NULL, NULL, NOW(), NOW());
INSERT INTO embedding_jobs (review_id, status, attempt_count, last_error, locked_at, locked_by, created_at, updated_at) VALUES ('5a10c57e-8f62-4fec-aaa2-ccb70bf2ddc0', 'queued', 0, NULL, NULL, NULL, NOW(), NOW());
INSERT INTO embedding_jobs (review_id, status, attempt_count, last_error, locked_at, locked_by, created_at, updated_at) VALUES ('85ca7bbb-6e33-47b0-b149-bcfb76411ee9', 'queued', 0, NULL, NULL, NULL, NOW(), NOW());
INSERT INTO embedding_jobs (review_id, status, attempt_count, last_error, locked_at, locked_by, created_at, updated_at) VALUES ('efb2526a-bbd1-47a3-94e3-89bb9bb3a5c2', 'queued', 0, NULL, NULL, NULL, NOW(), NOW());
INSERT INTO embedding_jobs (review_id, status, attempt_count, last_error, locked_at, locked_by, created_at, updated_at) VALUES ('857ee41d-9bee-47d8-966c-deed230c542d', 'queued', 0, NULL, NULL, NULL, NOW(), NOW());
INSERT INTO embedding_jobs (review_id, status, attempt_count, last_error, locked_at, locked_by, created_at, updated_at) VALUES ('497701e5-7676-4d0a-b0b2-14d896c0e316', 'queued', 0, NULL, NULL, NULL, NOW(), NOW());
INSERT INTO embedding_jobs (review_id, status, attempt_count, last_error, locked_at, locked_by, created_at, updated_at) VALUES ('73992b66-0aac-4047-b177-fadafadf037d', 'queued', 0, NULL, NULL, NULL, NOW(), NOW());
INSERT INTO embedding_jobs (review_id, status, attempt_count, last_error, locked_at, locked_by, created_at, updated_at) VALUES ('c432b911-31aa-4b48-bfcb-81c8e9343fff', 'queued', 0, NULL, NULL, NULL, NOW(), NOW());
INSERT INTO embedding_jobs (review_id, status, attempt_count, last_error, locked_at, locked_by, created_at, updated_at) VALUES ('e2b6e117-07dc-470f-8052-2ba5b46917b5', 'queued', 0, NULL, NULL, NULL, NOW(), NOW());
INSERT INTO embedding_jobs (review_id, status, attempt_count, last_error, locked_at, locked_by, created_at, updated_at) VALUES ('ccf994fe-e8ae-4c42-b3ef-4b7a084382ee', 'queued', 0, NULL, NULL, NULL, NOW(), NOW());
INSERT INTO embedding_jobs (review_id, status, attempt_count, last_error, locked_at, locked_by, created_at, updated_at) VALUES ('d52f421d-a494-4ba5-956e-b5ee9ad47b9e', 'queued', 0, NULL, NULL, NULL, NOW(), NOW());
INSERT INTO embedding_jobs (review_id, status, attempt_count, last_error, locked_at, locked_by, created_at, updated_at) VALUES ('ec335db4-9372-4684-9ef8-17840b6160a5', 'queued', 0, NULL, NULL, NULL, NOW(), NOW());

-- subject_rollups（5件）
INSERT INTO subject_rollups (subject_id, summary_1000, review_count, avg_credit_ease, avg_class_difficulty, avg_assignment_load, avg_attendance_strictness, avg_satisfaction, avg_recommendation, last_processed_review_id, is_dirty, created_at, updated_at, count_performance_unknown, count_no_credit, count_credit_normal, count_credit_high) VALUES ('11111111-bbbb-aaaa-aaaa-000000000001', '', 0, NULL, NULL, NULL, NULL, NULL, NULL, NULL, TRUE, NOW(), NOW(), 0, 0, 0, 0);
INSERT INTO subject_rollups (subject_id, summary_1000, review_count, avg_credit_ease, avg_class_difficulty, avg_assignment_load, avg_attendance_strictness, avg_satisfaction, avg_recommendation, last_processed_review_id, is_dirty, created_at, updated_at, count_performance_unknown, count_no_credit, count_credit_normal, count_credit_high) VALUES ('11111111-bbbb-aaaa-aaaa-000000000002', '', 0, NULL, NULL, NULL, NULL, NULL, NULL, NULL, TRUE, NOW(), NOW(), 0, 0, 0, 0);
INSERT INTO subject_rollups (subject_id, summary_1000, review_count, avg_credit_ease, avg_class_difficulty, avg_assignment_load, avg_attendance_strictness, avg_satisfaction, avg_recommendation, last_processed_review_id, is_dirty, created_at, updated_at, count_performance_unknown, count_no_credit, count_credit_normal, count_credit_high) VALUES ('11111111-bbbb-aaaa-aaaa-000000000003', '', 0, NULL, NULL, NULL, NULL, NULL, NULL, NULL, TRUE, NOW(), NOW(), 0, 0, 0, 0);
INSERT INTO subject_rollups (subject_id, summary_1000, review_count, avg_credit_ease, avg_class_difficulty, avg_assignment_load, avg_attendance_strictness, avg_satisfaction, avg_recommendation, last_processed_review_id, is_dirty, created_at, updated_at, count_performance_unknown, count_no_credit, count_credit_normal, count_credit_high) VALUES ('11111111-bbbb-aaaa-aaaa-000000000004', '', 0, NULL, NULL, NULL, NULL, NULL, NULL, NULL, TRUE, NOW(), NOW(), 0, 0, 0, 0);
INSERT INTO subject_rollups (subject_id, summary_1000, review_count, avg_credit_ease, avg_class_difficulty, avg_assignment_load, avg_attendance_strictness, avg_satisfaction, avg_recommendation, last_processed_review_id, is_dirty, created_at, updated_at, count_performance_unknown, count_no_credit, count_credit_normal, count_credit_high) VALUES ('11111111-bbbb-aaaa-aaaa-000000000005', '', 0, NULL, NULL, NULL, NULL, NULL, NULL, NULL, TRUE, NOW(), NOW(), 0, 0, 0, 0);